trial_type.audcontrol	trial_type.audaffix	trial_type.audroot	trans_x	trans_y	trans_z	rot_x	rot_y	rot_z	a_comp_cor_00	a_comp_cor_01	a_comp_cor_02	a_comp_cor_03	a_comp_cor_04	cosine00	cosine01	cosine02	cosine03	cosine04	intercept
-5.079810172271456e-15	-2.3496191437475246e-10	-5.964636392077276e-06	0.0001276061858145	-0.0255741756783142	0.0070954612195176	0.0015818745780787	0.0015471206147851	-0.0004817243976595	-0.0420948522000005	0.0812147860000017	-0.0770641814000023	0.0653115064999999	-0.0841130063000024	0.0955612383000029	0.0955538639000012	0.095541573700002	0.0955243683000008	0.0955022485000024	1
2.5229626464362194e-14	5.379218115734342e-10	1.3581998991497895e-05	0.000178910855312	-0.0328595019698818	-0.0191837089720691	0.0012443051761676	0.0015597585952047	-0.0003929696151409	-0.0015074744	0.0501082912000015	-0.0410399187000011	0.0429724831	0.1253557748000027	0.095541573700002	0.0954752155000013	0.0953646527000015	0.0952099364000011	0.095011138300002	1
-4.290582981223336e-14	-1.1757082344214136e-09	-2.948542445387361e-05	0.0001590298362697	0.0145044056450135	0.0260008207876269	0.0011629339270568	0.0014301536380201	-0.0006018318678843	0.0668541454000017	0.0426666609000004	0.1023202945000014	0.050217172799999	0.0800833784000012	0.0955022485000029	0.0953179834000014	0.0950111383000025	0.0945821078000006	0.0940314435000019	1
1.0058734638884909e-13	2.3990183328628118e-09	5.9350550645915386e-05	7.564314876282004e-05	-0.0711600825583658	-0.0078960494679758	0.0013403585884688	0.001496680960536	-0.0004820018333799	0.0929749542000021	0.0359955466000005	-0.064224592100002	0.0372844276999991	-0.0086003366000005	0.0954432708000024	0.0950822971000011	0.0944816852000023	0.0936429488000007	0.0925682019000017	1
-1.753121079534559e-13	-4.3494101174549624e-09	-9.778638860466504e-05	0.0034712721323316	-0.0243688694291403	0.0013756707357369	0.0013884341323389	0.0014961005219052	-0.0005740396540656	0.040747491200001	-0.0045595886	0.0271536981	0.0504090194999995	0.0902736190000016	0.0953646527000021	0.0947683504000013	0.093777273700002	0.0923955510000009	0.0906289382000018	1
2.6651795917156294e-13	6.0153045566320255e-09	0.0001091929362697	-0.0043824488973019	-0.0477444871080782	0.0342082990530752	0.0010020427717531	0.0015819798202577	-4.929208207788361e-05	0.025974363800001	-0.0445435251000015	0.0883582956000011	0.0673704485999996	-0.1049522043000024	0.0952664105000025	0.0943764019000012	0.0928992083000025	0.0908440203000006	0.0882236248000018	1
-1.1849627185534428e-13	-1.1082191629094836e-09	-0.0003135868919468	5.867134098114419e-05	-0.0520608788341134	0.0014125858116053	0.0014136288430272	0.0014968793600143	-0.0001720586617116	-0.0247508771000002	-0.0944103261000015	-0.0548390526000017	0.0465455903999989	0.0259044855000002	0.0951485642000026	0.0939067741000009	0.0918491150000028	0.0889934638000009	0.0853646308000022	1
-1.1903529565765477e-12	-3.62435047057457e-08	0.0218099962717707	0.0001060392046677	-0.028479597787723	0.0078570379691585	0.001012207622529	0.001496862661895	-0.0002767571567346	-0.0972346786000014	-0.0406007221000007	0.0163980610999995	-0.0100024018000025	0.0375470687000004	0.0950111383000027	0.0933598536000007	0.090628938200003	0.0868499729000005	0.0820666583000022	1
7.115020048324736e-12	1.9760547854653667e-07	0.2633463207777882	-0.0117589383373936	-0.0654489853797771	-0.0082258156325583	0.0008689617777506	0.001497020932366	5.0849158145175375e-05	-0.067983486300001	0.0512847147000008	0.0704662329000011	-0.0223190765000011	-0.0232822833000006	0.0948541610000019	0.0927360906000013	0.0892409375000023	0.0844206031000011	0.0783466667000014	1
-2.8901511541604595e-11	-7.817640408492213e-07	0.674582413235081	-0.0119921221017309	-0.0586014776149577	-0.0075591264524068	0.000801989974709	0.0014970057914783	1.389969903867058e-05	-0.0169987282000003	0.0987284910000017	-0.0593941188000013	0.0038791432999999	-0.0491876246000013	0.0946776645000023	0.0920359983000013	0.0876876832000024	0.0817133510000015	0.0742237856000012	1
1.0169718874203143e-10	2.713632955066897e-06	0.975837111642309	0.0002296341644985	-0.0299230150282319	-0.0206339227061119	0.0005592310469515	0.0014969130777628	-0.0003079192364433	0.0127447816999998	0.0176763586000008	-0.0588455606000008	0.0540104612000022	0.0588839070000012	0.0944816852000016	0.0912601531000015	0.0859720514000015	0.0787371281000022	0.069719216700001	1
-3.30628554054509e-10	-8.748365644831714e-06	1.1129035170162591	-0.0071364384063342	-0.0330326563587151	0.0133595836327357	-8.10674548425149e-05	0.0012859937491637	0.0001050518566949	-0.0818654029000016	-0.0578473950000012	0.0463952873000011	0.024449707500001	-0.0350291385000007	0.094266263400002	0.0904091936000012	0.0840972192000028	0.0755017308000021	0.0648561241000011	1
1.019338735773799e-09	2.6813161343051345e-05	1.1447259515132688	-0.0062451955765677	-0.0413951262742824	-0.0363166896145509	0.0006280690174128	0.0013209707977933	-0.0001044143387051	-0.0879938311000018	-0.0648157023000009	-0.0322751184000003	-0.0152703601999994	-0.0215275411000005	0.0940314435000019	0.089483820200001	0.0820666583000024	0.0720178090000022	0.0596595157000009	1
-3.0238511460919124e-09	-7.932093515052213e-05	1.12579193418017	-0.0115743576351549	0.0018108347040176	-0.0369826920032348	0.0003815884363758	0.0008944620318475	-0.0001971709991311	-0.0223381382000005	0.051718114100001	-0.0161903337	-0.0405830120000002	0.0736325139000012	0.0937772737000023	0.0884847944000011	0.0798841288000023	0.0682968306000019	0.0541561147000008	1
8.712386278991685e-09	0.0002292600055688	1.089246714089631	-0.0161791451848502	-0.0302452510785978	-0.0264162735037553	-8.104699774012302e-05	0.0008949959551486	0.0001050363194284	0.104314828500002	0.0247937022999997	0.0710446160000017	-0.0226518832999997	-0.0156189530000004	0.093503806400002	0.0874129386000011	0.077553672300002	0.0643510435000016	0.0483742215000001	1
-2.449553810626832e-08	-0.0006246326792982	1.0554533885390438	-0.0162701224195418	-0.0385052318602988	-0.0491436235908081	0.0001534613155172	0.0007330078089568	0.0001049439245425	0.1054687928000021	-0.0341004827000011	-0.0239817042000002	-0.0201322426999998	-0.0586138965000015	0.0932110979000023	0.0862691351000011	0.075079604300002	0.0601934360000014	0.0423435691000001	1
6.73998936165455e-08	0.0014982552356947	1.0281138210759828	-0.0160158245004144	-0.0302462696118943	-0.0525411600875721	0.0001999664194724	0.0006450099103162	0.0001049353822124	0.0868148982000014	-0.0148393105000003	-0.0178844273999998	-0.0125196743999992	0.0688449543000013	0.0928992083000017	0.0850543252000013	0.0724665061000015	0.0558376933000018	0.0360951693999999	1
-1.8179320524281226e-07	-0.0011345635715731	1.015441009880073	-0.0205866469473515	-0.0063079690568066	-0.0089699815694355	5.887309281424254e-05	0.0007150103986883	0.0003549790625082	-0.0276214075000006	-0.098169126600002	0.0681775727000016	0.0128296582000007	0.0189248370000003	0.0925682019000019	0.0837695089000011	0.0697192167000021	0.0512981531000016	0.0296611541000001	1
4.81033717297641e-07	0.1171965703912807	0.889044524598999	-0.0219613795754876	-0.0600277876408227	-0.0097581521438452	0.0003099108745131	0.0005420502505037	0.0003279158522319	-0.058118634000001	-0.0216102058000008	0.0713515956000017	-0.0143568980999994	-0.0919434461000019	0.0922181468000014	0.0824157435000012	0.0668428233000018	0.0465897578000013	0.0230746093999998	1
-1.2486792327460372e-06	0.4876600687498338	0.5147955507343684	-0.0315277087621434	-0.0517246364216683	-0.0392961587891856	0.000352900355047	0.0006035581080504	0.0003288933508639	-0.0873488081000019	-0.0695929570000005	-0.1148423275000022	0.0291999712000016	-0.0300661450000006	0.0918491150000013	0.080994143500001	0.0638426524000008	0.0417280058000013	0.0163694060000003	1
3.1773507525635432e-06	0.86134737365642	0.1394929479152415	-0.0227117338100997	0.0370841333957961	0.0057161804917612	-2.499657632271576e-05	-1.2007404374587336e-05	0.0005739996403402	-0.0413070413000003	0.0517159048000009	0.0299033217	-0.0320705458000018	0.0995019537000016	0.0914611824000025	0.0795058789000011	0.0607242596000015	0.0367289001999999	0.0095800247000004	1
-7.912069814962786e-06	1.0675514394589132	-0.0673369423242624	-0.0119209925995983	-0.0523225277926132	-0.0530211492087188	0.0003899281227231	0.0004340639500803	0.0003289150516354	0.0761856487000018	-0.0105102324000005	0.0683317605000014	-0.0308977557000001	-0.0777952938000018	0.0910544289000008	0.0779521747000014	0.0574934193999994	0.0316088962999998	0.0027413791999993	1
1.922880114152288e-05	1.1393500588810002	-0.1393651710831914	-0.0105178336545319	-0.0117651201123854	-0.0427827152826697	0.000223909370725	0.0005480365917009	0.0003289385864907	0.0750523792000019	-0.0862226011000018	0.0026254511999996	-0.0129310880000008	-0.0263377866000009	0.0906289382000016	0.0763343096000011	0.0541561147	0.0263848472999995	-0.0041113636000001	1
-4.5426872095527583e-05	1.138137151827758	-0.1380911357233175	-0.0050224726491869	-0.0169917816613464	-0.0427161067548673	0.0002238311030792	0.0005300714236319	0.000637440603913	-0.0482309920000006	-0.069303628900001	0.0140043627	-0.0341380909000009	0.0095837634999999	0.0901847978000012	0.074653615300001	0.0507185252999998	0.0210739488999995	-0.0109429642	1
0.0001033326929761	1.1064943651826982	-0.1065979227557065	-0.0030151508740905	-0.0110420286405019	-0.0513064725454777	-0.0002030725897265	0.0001959244200418	0.0007410198503202	-0.0807480696000012	0.0429647151000012	-0.0514891336000013	-0.0583324422000012	0.0057664133999996	0.0897220992000016	0.0729114752000009	0.0471870167999997	0.0156936826999994	-0.0177182917	1
-0.0002147552515098	1.0698671815565086	-0.0696523890668858	-0.019090202486624	0.0386726067455804	-0.022479060605065	-0.0004500321818886	0.0001959260493726	0.0003290437816711	0.0092587127000005	0.1015104364000018	0.0383991160000004	-0.0416236490000011	0.0834787422000012	0.0892409375000019	0.0711093231000012	0.0435681288999999	0.0102617583999992	-0.0244025048000005	1
0.0004024912206808	1.0393523785297272	-0.0397548725934727	-0.0205067173350962	-0.0240930723891487	-0.0184012486815277	-0.0003150320463518	0.0001959478136918	0.0003290303603322	0.0185987646000008	0.1190679576000021	-0.033721635200001	-0.0345302625000008	-0.0452817297000014	0.0887414118000017	0.0692486424000011	0.0398685627999999	0.004796056199999	-0.0309612306000009	1
-0.0010002327053905	1.0211729508801275	-0.0201726998348331	-0.0166795348364138	-0.0296396432336797	-0.0381213374491996	-0.000400059691083	0.0001958770950821	0.0006130388703763	0.0363868526000007	0.0093117752000005	-0.0380154525000007	0.0166646092000011	0.0229437164000002	0.0882236248000008	0.0673309646000012	0.0360951693999988	-0.0006854330000003	-0.0373607416000011	1
0.0317217038232449	0.9774907003495548	-0.009212442620643	-0.0198441891076308	-0.0168735708624446	-0.0021182974253268	-0.0007820647190514	0.0001952418137433	0.0006590761327179	-0.0971214031000017	-0.0473285668000006	0.0250628207000003	0.0115960861000004	-0.0236422378000006	0.0876876832000011	0.065357868000001	0.0322549358999997	-0.0061646659000006	-0.0435681289000008	1
0.2984573768440636	0.7053458901323288	-0.0038032577053561	-0.0170495502057126	-0.0334671239236141	-0.0392821743795946	-0.0006010780951312	0.000250311999501	0.0006250754834347	-0.0932516110000017	0.0498059510000016	-0.1129582500000024	-0.0253324530999998	-0.0016953618000002	0.0871336971000013	0.0633309768000008	0.0283549737999995	-0.0116236070000005	-0.0495514717000009	1
0.7092423534594918	0.2921578349098005	-0.0013999265728463	-0.0195555864517873	0.0047901649269023	-0.0270064335542493	-0.0002431122437696	0.0002708996657478	0.000825532929052	-0.0479067528000008	0.0496776531000009	0.0579794670000013	-0.0515551089000004	0.0498258177000008	0.0865617806000013	0.0612519591000011	0.0244025047999997	-0.0170442873000004	-0.0552800014000014	1
0.9943881101860697	0.0060338610888489	-0.0004234301419167	-0.0270111109742294	-0.0399572525213325	-0.0269708215785169	-0.000507057105873	0.0001958514265665	0.0005855495145652	0.0348391810000007	0.1139034755000019	-0.0689011866000012	-0.0075393311999989	-0.1154076317000026	0.0859720514000016	0.0591225262000012	0.0204048479999995	-0.0224088640000004	-0.0607242596000019	1
1.1191878761431484	-0.1191254143511219	-5.6640546866452906e-05	-0.0262948654770418	-0.0176903556298951	-0.0460253205433096	-0.0007759880256674	-4.271411190754505e-05	0.000551983199823	0.0642854913000009	-0.0366762002000005	-0.0492081684000005	0.0151518998000017	0.0334012758000007	0.0853646308000011	0.0569444308000013	0.0163694059999991	-0.0276996788	-0.065856249600002	1
1.1444520294358944	-0.1444772204273006	4.892518221110036e-06	-0.0346856290637318	0.0222018513126597	0.0124694529518476	-0.001051484410608	-0.0001681115030994	0.0002119114856553	0.047772145700001	-0.014799239900001	0.0815344566000016	0.024702446900001	-0.0705288054000017	0.0847396439000019	0.0547194656000014	0.0123036518000001	-0.0328993162000006	-0.070649581000002	1
1.1228212625703866	-0.1227537308148019	-1.7376003530302778e-06	-0.0278676050781434	-0.0251715972671746	-0.0408940107817999	-0.0005709695598351	-0.0002850603549179	0.0002119182538539	0.068264066100001	-0.0805818645000015	-0.0589206153000008	0.0220678582000016	-0.0108578297000002	0.0840972192000012	0.0524494619000012	0.0082151138999992	-0.0379906609000003	-0.0750796043000021	1
1.085855071897294	-0.086060069464251	7.043002012153242e-07	-0.0231762020774655	0.0206841416461585	-0.0115140202883164	-0.0010729158475535	-0.0002858027410604	0.0005648464310025	-0.0457118179000008	-0.0709066072000016	0.0249188043000004	-0.0307492091000006	0.0001082589999998	0.083437488900002	0.0501362882000009	0.0041113636000003	-0.0429569540000009	-0.0791235388000016	1
1.0526881642335495	-0.0521019312439186	-2.792267452511535e-07	-0.0393618492881857	-0.035688221658021	-0.0427872596501423	-0.0009879971448748	-1.370737538808569e-05	0.0004199932367251	-0.0766622190000017	0.0675852291000014	-0.0145956346999998	-0.0295792662999985	-0.1021185137000022	0.0827605889000009	0.047781848300001	-1.2340069901688017e-15	-0.0477818483000005	-0.0827605889000024	1
1.0264011069083387	-0.0278121792022635	1.0710583878990805e-07	-0.0296725893413457	-0.0684467451825421	-0.0637856622713857	-0.0015950427901804	0.0001114263446942	0.0007190896134689	0.1273350986000026	0.0744858972000009	-0.0785829299000014	-0.0998275574000014	-0.0014633384	0.0820666583000014	0.0453880801000007	-0.0041113636000004	-0.0524494619000012	-0.0859720514000027	1
1.0126126967545417	-0.0133758193096971	-4.1852282058082175e-08	-0.0298096947683752	-0.0164215146356244	-0.047877852036835	-0.0019628419913373	-0.0004412050776722	0.0007180673995045	0.0291852888000004	-0.0373228497000007	-0.0067335672999998	-0.0448337852999999	0.0514754461000011	0.0813558400000012	0.0429569540000009	-0.0082151139000009	-0.0569444308000009	-0.0887414118000024	1
0.8638007696714751	-0.0056239187629864	1.9802310340017786e-08	-0.0334208177706479	-0.0317213818842696	-0.0086389859862391	-0.001718888579054	-0.0002861684849257	0.0007772549383679	0.0447552998000009	-0.0704390855000021	0.1353580650000029	-0.0105322523999992	-0.0730652010000015	0.0806282803000009	0.040490470800001	-0.0123036518000009	-0.0612519591000011	-0.0910544289000028	1
0.4758871045702323	-0.0025419298531751	-1.7482355215368342e-08	-0.0317423874214039	-0.0501325308231355	-0.0239390861814304	-0.001981921759091	-0.0002860396304413	0.0005447167919015	0.1123698840000023	-0.0193126116000007	-0.0530931707000012	-0.0208411915000006	0.0169572268000002	0.0798841288000016	0.0379906609000005	-0.0163694060000005	-0.0653578680000017	-0.0928992083000025	1
0.1134474405491038	-0.0001352861599241	2.920531330544042e-08	-0.0295649777772138	0.0459426154942428	0.024504482309323	-0.0014883994408639	-0.0004398417421925	0.0004591728446372	0.0454059711000012	-0.0070208513000006	0.0354187062	0.0093458968999987	0.0586743938000007	0.0791235388000026	0.0354595815000003	-0.0204048479999998	-0.0692486424000024	-0.0942662634000019	1
-0.0784700307441469	-0.0016505803813403	-5.8236415989962646e-08	-0.0297795499356265	-0.0229471485758099	0.0262825685422969	-0.0018488304406675	-0.0005990426677367	0.0005854471575493	0.077284769000002	-0.0565030562000017	-0.0067682767000008	0.0308803044999991	-0.0548082014000016	0.0783466667000023	0.0328993162	-0.0244025047999999	-0.0729114752000025	-0.095148564200002	1
-0.1414621576879588	0.0401528209984057	1.1054960226606734e-07	-0.0294968298344866	-0.0264648044672682	0.0094430990248045	-0.0018487277484066	-0.0006972291011075	0.0007878564732138	-0.0461656322000005	-0.0553863427000013	0.0296762355999999	-0.0408808922000024	0.0408184872000005	0.077553672300002	0.0303119719999997	-0.0283549737999998	-0.0763343096000026	-0.0955415737000018	1
-0.1359909239606607	0.324351437571103	-1.751589818556211e-07	-0.0297906591058997	-0.0365443076038636	0.0225439548577363	-0.0023053501183717	-0.0005251788950229	0.0005873956223711	-0.1126769281000017	-0.0220506987000008	0.0906653941000013	-0.0341277801000014	-0.1206504423000029	0.0767447190000016	0.0276996787999999	-0.0322549359000003	-0.0795058789000025	-0.0954432708000019	1
-0.1031889840839011	0.7332575558945891	1.453635731848311e-07	-0.0237559144292312	-0.0635555936387975	-0.010687772653471	-0.0024570385314724	0.000165965120244	0.0004352041433998	-0.0241575404000003	0.035766084600001	-0.0952061777000021	-0.0127128072999999	-0.0433305336000011	0.0759199731000009	0.0250645864000001	-0.0360951694000017	-0.0824157435000023	-0.0948541610000021	1
-0.0665311533190361	1.006851992618894	4.629710756808692e-07	-0.013381492812598	0.0459888628328881	0.0319265302509998	-0.0030112753480999	-0.000638104380126	0.0007320412379604	0.0914142747000024	-0.0085452395000009	0.0723120580000008	-0.0094129517000013	-0.0329203268000013	0.0750796043000022	0.0224088640000003	-0.039868562800001	-0.0850543252000029	-0.0937772737000019	1
-0.0375447928768535	1.123194923885574	-3.418830606276266e-06	-0.0287055631426382	0.000794117499156	0.0050896116802777	-0.0028229608229641	-0.0002639879608309	0.0003456283168316	0.0659298646000018	-0.0928487345000019	-0.071444665800002	-0.0207070545000015	-0.0160174058000007	0.0742237856000019	0.0197346972999999	-0.0435681289000009	-0.0874129386000027	-0.0922181468000016	1
-0.0188608927786467	1.1440282258266363	1.4658161059880164e-05	-0.0187602690079846	0.0180558780429583	0.0147471475047219	-0.0026129369941678	-0.0002850898219079	0.0004511280040887	0.0431574859000011	-0.0850453025000016	0.0265261787000002	-0.0104999709000007	0.0928556135000017	0.0733526932000011	0.0170442873000002	-0.0471870168000016	-0.0894838202000025	-0.0901847978000017	1
-0.0085344810064089	1.1206186726165055	-5.303769557325943e-05	-0.0261472241174243	0.0039919797684146	0.0656027301972435	-0.0029768950518868	-0.0004083057966299	0.0005408929375969	0.0881212530000022	0.0265676542999998	0.0814203769000012	0.0123152858999994	0.0171164227000001	0.0724665061000012	0.0143398485000004	-0.0507185253000013	-0.0912601531000028	-0.0876876832000021	1
-0.0034902119324091	1.0834664973790846	0.0001778267560338	-0.0238366235002027	-0.0406508572554023	0.015423351593283	-0.0025979231926291	-0.0002339205729198	0.0007081975337944	-0.0825154074000018	-0.0713611046000005	-0.0479947203000008	0.0547980007000023	-0.0137782572000002	0.0715654069	0.0116236070000003	-0.0541561147000029	-0.0927360906000018	-0.0847396439000017	1
-0.0012689374265963	1.05073033307742	-0.000536578474392	-0.0243523073067429	-0.0037068985851794	0.0090041830838593	-0.0024939040414336	-0.000266885955342	0.0007101682992465	-0.1355093972000026	-0.0070196851999995	0.0084322074000001	-0.0196787062999997	0.0178251063000002	0.0706495810000005	0.0088977982	-0.0574934194000023	-0.0939067741000022	-0.0813558400000014	1
-0.0003719292326564	1.0253257967518827	0.0012919111637433	-0.0074598332403174	-0.0240399771888658	0.0793187703984885	-0.0052870090073187	-0.0009389444258221	0.0011110271746298	-0.1021318803000017	0.069129348300001	0.1265404476000024	-0.0177406929000007	0.0041556607	0.069719216700001	0.0061646659000002	-0.0607242596000015	-0.0947683504000027	-0.0775536723000015	1
-4.1662580230441976e-05	1.0099393781209958	0.0027115421922388	-0.0057666461179188	-0.0235814439663638	0.079382325752223	-0.0040453454577683	-0.0003072566072927	0.0011143835572975	-0.0688427447000008	0.0163207806000004	-0.0823626020000024	0.0236750141999992	-0.0615814286000016	0.0687745056000018	0.0034264594999998	-0.063842652400001	-0.095317983400003	-0.0733526932000007	1
4.394967474725435e-06	0.8442950818201698	0.1611377784371479	-0.0018148581505374	-0.0280202515974692	0.0458370341250581	-0.0040452918900083	-0.0004270676276303	0.0010211406875061	-0.0385841016000006	0.0523761767000013	-0.040124620700001	-0.0185840747000008	0.1128710259000023	0.067815642000001	0.0006854329999999	-0.0668428233000017	-0.0955538639000025	-0.0687745056000011	1
-2.7967529787852423e-06	0.4483211613365692	0.5537790530541887	-0.0168287411094212	-0.0133344722161883	0.0695651572974764	-0.0044407177339902	-0.0005698150941025	0.0010412401838614	0.0026994019	0.1003978969000016	0.0724643809000015	-0.0082305125	0.1003772506000021	0.0668428233000011	-0.0020561577999998	-0.0697192167000012	-0.095475215500002	-0.0638426524000016	1
4.463499005961696e-06	0.0957489349264207	0.9049476575464724	-0.0170712475476336	-0.0257952944422612	0.0599803262436627	-0.0042602794772027	-0.0004203755591896	0.001114109156517	-0.0037628320999999	0.1004141313000017	-0.0778808137000017	-0.0092015251000002	-0.0114846699000004	0.065856249600002	-0.0047960562000003	-0.0724665061000003	-0.0950822971000018	-0.0585824951000012	1
-1.061084370235484e-05	-0.0858045343339485	1.0859674603989462	-0.0087041643440236	0.0131292088230174	0.0287260410258765	-0.0037857263403314	-0.0005161107754204	0.0011140276052109	0.0316017634000002	0.0297579818000007	-0.0548751434000008	0.011114008000001	0.1130952376000023	0.0648561241000015	-0.0075320070000002	-0.0750796043000012	-0.0943764019000012	-0.0530210836000013	1
2.721085219010264e-05	-0.1426374157579979	1.1426076927237003	-0.0158480175531955	0.0073722690249122	0.0419736903950263	-0.0035466994607255	-0.0006038247774249	0.001027933164047	0.098737773000002	-0.0223561129000014	0.1065703455000024	-0.0234570012000001	-0.0053712310000002	0.0638426524000017	-0.0102617584000002	-0.0775536723000005	-0.0933598536000014	-0.0471870168000016	1
-6.95840289876289e-05	-0.1343618466279721	1.1344331043068197	-0.0163731746312972	-0.0241152833035442	0.0227745067289659	-0.0038928060008818	-0.0003766711952852	0.00111427262256	0.110805872300002	-0.0277609397000009	-0.0675178506000012	-0.0181537190000002	0.0190108466000003	0.0628160431000018	-0.0129830636000006	-0.0798841288000004	-0.0920359983000013	-0.0411102958000012	1
0.0001748460907196	-0.100738369139522	1.1005628956585267	-0.0260329985096495	0.0288879016628413	0.0318910600655607	-0.0038927845911536	-0.0004056707196231	0.0011142156141413	0.0395250511000003	-0.050495686100001	0.0643970444000017	0.0252554629000017	0.0794540359000017	0.0617765075000011	-0.0156936827000002	-0.0820666583000015	-0.0904091936000008	-0.0348221695000012	1
-0.0004164667444304	-0.0643475469619527	1.064764213946977	-0.0250188563255161	-0.013100909905505	0.0371506259273954	-0.0041667867908219	-0.0004023233866989	0.0011141663557386	-0.0547440258000011	-0.0369174316000011	0.120561576800003	0.0003942928000015	-0.1540641864000033	0.060724259600001	-0.0183913846000004	-0.0840972192000015	-0.0884847944000009	-0.0283549738000011	1
0.0009237287424209	-0.0360234591577783	1.0350996745349157	-0.0202628077229151	-0.0376814100686148	0.0302791131434648	-0.0040572790005752	-0.0004207626968871	0.0011141525987041	-0.0707560791000016	-0.0094652861999995	-0.1510891449000029	0.0167583648000012	-0.0515746475000011	0.0596595157000015	-0.0210739489000008	-0.0859720514000011	-0.0862691351000009	-0.0217419657000002	1
-0.0020329624632411	-0.0179685185435257	1.0200014943671385	-0.0078075506695672	-0.0070947205405503	0.0413736514397702	-0.0041303527865471	-0.0003469652611499	0.0009507886728856	-0.0883612769000021	-0.0329655887	-0.0806086850000014	0.0058576436000005	0.0638857943000013	0.0585824951000014	-0.0237391677000008	-0.087687683200001	-0.0837695089000009	-0.0150171518999999	1
0.0540495391681857	-0.00807739993469	0.9540278586780674	-0.0024205737371246	-0.0306766669278344	0.1083829688550846	-0.0044763618952106	-0.000280996785745	0.0011143770317458	-0.0690894708000014	0.0847667275000015	0.0530072105000011	0.0002448133999998	0.0785878523000019	0.0574934194000011	-0.0263848473000005	-0.0892409375000005	-0.0809941435000013	-0.0082151139000001	1
0.3615947604060522	-0.0032806502262328	0.6416858894290416	-0.0132856351277144	-0.0459765367572956	0.0771593421705901	-0.0040778570507125	-0.0002787746074735	0.001114436892528	-0.0405428234000007	0.0884469963000015	-0.0179404719000003	0.0122347194000006	-0.1037423342000021	0.0563925126000013	-0.0290088101000005	-0.0906289382000012	-0.0779521747000012	-0.0013708306	1
0.7656317704797165	-0.0011817316862739	0.2355499617510337	-0.017666619664154	-0.0388239243458068	0.0310730379515578	-0.0038226510929657	-0.0007069450837151	0.0010166526968873	0.0305964724000003	0.0726911868000017	-0.0830492940000015	-0.0110378464999998	0.0517189998000012	0.0552800014000009	-0.0316088963000004	-0.091849115000002	-0.0746536153000012	0.005480502	1
1.0230791273941566	-0.0003378022526075	-0.0227413255388047	-0.0126354357616506	0.0196171435468108	0.0687346821720932	-0.0044712017286105	-0.000707011470663	0.0008979246815451	0.0484840608000008	-0.0331009639000006	0.0295157257000004	0.0357734257000002	0.0500356993000011	0.0541561147000013	-0.0341829659000002	-0.0928992083000018	-0.0711093231000014	0.0123036518000005	1
1.1281255373850094	-3.211438378806662e-05	-0.1280934228212727	-0.0059981376596427	-0.0268486288378984	0.0688962123546305	-0.0045226396876463	-0.0006551221408179	0.001158024490713	0.0214900986000003	-0.0581732567000014	0.1001413439000021	0.0522320377000014	-0.1240699531000024	0.0530210836000006	-0.0367289002	-0.0937772737000025	-0.0673309646000012	0.0190635313000002	1
1.1431472814574144	3.0466273360487373e-06	-0.1431503281978033	0.0005580993731256	-0.0197525402913772	0.0277802635756644	-0.0042109082201889	-0.0001667235120027	0.0012936555176257	-0.0560621051000013	-0.102090746600001	-0.144490337200003	0.0339025068000006	-0.050808005200001	0.0518751419000013	-0.0392446037000007	-0.0944816852000022	-0.0633309768000011	0.0257253786000013	1
1.1174466168698836	-1.070860344975729e-06	-0.1174455459857911	-0.004878155314086	0.015574364935887	0.0459965994723184	-0.004349856988512	-0.0002849479107629	0.0011243855456654	-0.095666344500002	0.0031802214000005	0.0255657622000004	-0.0291745778000009	0.0760617330000017	0.050718525300001	-0.0417280058000006	-0.095011138300002	-0.0591225262000011	0.0322549359000012	1
1.0801713401041455	4.66807726373749e-07	-0.080171806949661	-0.0205721871238459	-0.0207915258483673	0.1224725350394228	-0.0050490562182586	-0.0007093344693847	0.0013197133830601	-0.0029305866999999	0.121878605600002	0.0346958357000004	0.062742396200001	-0.1037901418000021	0.0495514717000012	-0.0441770624000002	-0.0953646527000017	-0.0547194656000011	0.0386186257000008	1
1.0480103231105242	-2.0050375830396458e-07	-0.0480101226206789	-0.0227316662048047	-0.0786015201359653	0.0326114936293324	-0.004030344983044	-0.0010490877601105	0.0012813912513845	0.0443408939000004	-0.1371556303000021	-0.0476921873000007	0.033569754400001	0.0184656283000009	0.0483742215	-0.0465897578000006	-0.0955415737000024	-0.0501362882000004	0.0447837232000008	1
1.0240218554213447	8.218045015779394e-08	-0.0240219376344668	-0.0245304841546381	0.0062772100854575	0.0594590594874678	-0.0049177033991709	-0.0007311203610635	0.0008602073351618	-0.0397690251000008	-0.0378969548000006	0.0271706000000003	-0.0244278970000013	0.0285141702000007	0.0471870168000014	-0.0489641061000009	-0.0955415737000012	-0.0453880801000008	0.0507185253000015	1
1.0050985839814657	-3.2845130764989815e-08	-0.0050985511519751	-0.0212285847673276	-0.0126802216627904	0.0305506017809317	-0.0047162625705651	-0.0005930343918911	0.0008611069200793	0.0269051969000004	0.0648039470000013	-0.0321172848000007	-0.0491500126000014	0.0273539318000006	0.0459901020000012	-0.0512981531000008	-0.0953646527000018	-0.0404904708000007	0.0563925126000012	1
0.8149875371888817	1.2857835187912107e-08	0.185012449909814	-0.0216800682487409	-0.020874949152473	0.0774560712660722	-0.0048867812053299	-0.0005491075868274	0.0008611627656842	0.0874841640000017	0.0511181005000005	0.0893196489000017	-0.0211897139000011	0.0589753825000014	0.0447837232000009	-0.0535899776000007	-0.0950111383000013	-0.0354595815000007	0.061776507500001	1
0.4102586040912419	-4.9366264655589206e-09	0.5897414008760876	-0.0216446413639912	-0.0261144847761444	0.0438450040490903	-0.0050487131189116	-0.0005100333418754	0.0012007194117407	0.0987681693000017	0.0208370400000005	-0.0778822409000016	0.0031120614999999	0.0333373462000008	0.0435681289000012	-0.0558376933000011	-0.0944816852000014	-0.0303119720000001	0.0668428233000013	1
0.0723544483222879	1.8609866139486161e-09	0.9276455496388136	-0.0219081235686787	0.0083824845567613	0.0691196754426793	-0.0052981158718454	-0.0006811794145629	0.0011987042775537	0.0962506890000015	-0.055266836600001	0.0312019429000008	0.0410028629000008	0.0996221012000022	0.042343569100001	-0.0580394502000011	-0.0937772737000013	-0.0250645863999996	0.0715654069000013	1
-0.0951409780140318	-6.915653780597135e-10	1.0951409790953042	-0.0206632102164972	-0.0240695584374349	0.0997154305342618	-0.0050042556310324	-0.0004003581813744	0.0013410050602303	-0.0473471924000011	-0.0378110851000009	0.1296769489000029	0.0402954251000014	-0.0741067849000012	0.0411102958000005	-0.0601934360000011	-0.0928992083000011	-0.0197346972999995	0.0759199731000013	1
-0.1437871823834643	2.5972682156915065e-10	1.1437871809641489	-0.0277971039732999	-0.0324429628932281	0.0775439811351805	-0.0047908182172467	-0.0003989508243263	0.0010220503987673	-0.0967795781000021	0.0184079224000009	-0.1259391185000027	0.0324903198000008	-0.0817502859000017	0.0398685628000014	-0.0622978778000017	-0.0918491150000005	-0.0143398484999994	0.0798841288000021	1
-0.1319930436778566	-1.1318597897840132e-10	1.131993046806483	-0.0210315744225229	-0.0192293728387239	0.0583922565103878	-0.0051067445234819	-0.0005461111194785	0.0010211122770669	-0.0388386821000013	0.065318633100002	-0.0493360684000007	0.0146616694000011	0.0785284549000018	0.0386186257000006	-0.0643510435000014	-0.0906289382000014	-0.008897798199999	0.0834374889000017	1
-0.0970885475283766	8.486479474695182e-11	1.0970885394504128	-0.0198129556952719	-0.019005927629239	0.1021778990443936	-0.0055307475935268	-0.0005548278253899	0.0010209744189841	0.0741223519000013	0.0394262856000003	0.0817224440000019	0.0449847549000011	-0.0413324435000007	0.0373607416000009	-0.0663512432000011	-0.0892409375000009	-0.0034264594999993	0.0865617806000013	1
-0.061866519068703	-1.204862962859639e-10	1.061866539668929	-0.0227270955851116	-0.0456601405037294	0.0747628244564154	-0.0050357961405661	-0.0004480757790244	0.0010218784212687	-0.0563019779000014	-0.0872958883000011	-0.0649946251000012	0.0451382831000011	-0.0333055254000004	0.0360951694000007	-0.0682968306000017	-0.0876876832000007	0.002056157800001	0.0892409375000021	1
-0.0327740999994499	2.0043933557188268e-10	1.0327740481004517	-0.0218916248296213	-0.0043414774876006	0.059032234341374	-0.0052017787574826	-0.0004488632882961	0.0010993405680625	-0.084450823100002	0.0420728708000014	0.0045785950000002	-0.0210455067	0.0675322490000015	0.0348221695000008	-0.0701862042000016	-0.0859720514000009	0.007532007000001	0.091461182400002	1
-0.0191124617973991	-2.6293281282455906e-10	1.0191125893684154	-0.0245007934502018	-0.020897137519102	0.1152576370759719	-0.0052597819365971	-0.0004488320290731	0.0010758279663651	-0.041484321300001	0.1008082498000019	0.0805129562000018	0.0364924400000012	-0.0205531658000002	0.0335420038000005	-0.0720178090000013	-0.0840972192000008	0.0129830636000011	0.0932110979000017	1
0.0629445650833427	-5.5848170237891234e-12	0.9370551291121472	-0.0192977089375432	-0.0439500672546291	0.0634094844214994	-0.0055658022713582	-0.0004488463994542	0.0010217594248684	0.1022852457000016	-0.0312924230000004	-0.0448063396000007	0.0427584019000011	0.0160168706000006	0.0322549359000006	-0.0737901375000015	-0.0820666583000012	0.0183913846000012	0.0944816852000017	1
0.3966492255319691	1.8607549499939975e-09	0.603351484191711	-0.0209729180688925	-0.0051490074163509	0.0759917683684688	-0.0052787967463925	-0.0004486997714738	0.0010218235681612	0.0007306216999996	-0.0788321891000012	0.0418552989000009	0.0321249875000005	0.0599636515000016	0.0309612306000005	-0.0755017308000015	-0.079884128800001	0.0237391677000012	0.0952664105000021	1
0.7955075755788283	-9.704912400526684e-09	0.204490844431758	-0.024532453268378	-0.0275475448600435	0.0886789601403148	-0.0054497950155634	-0.0004487869600202	0.0010217853978823	-0.0902870068000019	0.044783191200001	0.0731437383000015	0.0157942542000005	-0.107045281600002	0.0296611541000004	-0.0771511802000013	-0.0775536723000013	0.029008810100001	0.0955612383000021	1
1.037735841498613	3.7825199802778166e-08	-0.0377325277966401	-0.0238229358523653	-0.025088585079742	0.0568710298989873	-0.0050827942367692	-0.0004480997533126	0.0010218681723736	0.0424141621000008	0.1024510339000022	-0.1085213140000025	-0.0167786313000011	-0.0289332945000006	0.0283549738000012	-0.0787371281000015	-0.075079604300001	0.0341829659000007	0.0953646527000022	1
1.1322849030523805	-1.3028534089477365e-07	-0.1322912151779083	-0.0275445757587255	0.0138233944877312	0.0664150887739525	-0.0053981834916674	-0.0006792593904124	0.0010201735473807	0.060326837000001	-0.0203174867000001	-0.0414985361000011	0.0237001945999995	0.0473493660000011	0.027042958700001	-0.0802582690000014	-0.0724665061000011	0.039244603700001	0.0946776645000023	1
1.1419351441114285	4.180105848449722e-07	-0.1419252398942361	-0.033833220386712	0.0007017108524949	0.0903183889854248	-0.0056991053701027	-0.0006721252974914	0.0012700951352768	0.0376687772000006	-0.0853681320000018	0.1229075862000024	0.0442788055000004	-0.0112909237999998	0.0257253786000003	-0.0817133510000011	-0.0697192167000013	0.0441770624000012	0.0935038064000019	1
1.1141785094536405	-1.2787213989435295e-06	-0.1141860384671378	-0.0374107537346493	-0.0228480162636655	0.0826043126746339	-0.005562989869052	-0.0008565382101911	0.0012691307803969	-0.1094715697000023	-0.0196132683999996	-0.0940498077000022	0.0560109846000009	-0.0985117809000018	0.0244025048000008	-0.0831011765000016	-0.066842823300001	0.0489641061000015	0.0918491150000026	1
1.0769420442818514	3.773398735587478e-06	-0.0769767073105336	-0.0046303060927199	-0.0192686956039561	0.0390010448810472	-0.0050188560055554	-0.0010436905412304	0.001268888492516	-0.0122500888000006	0.0448278089000016	-0.0309229484000004	-0.0199763668000003	0.1177231997000027	0.0230746094	-0.0844206031000015	-0.0638426524000017	0.0535899776000015	0.0897220992000021	1
1.0453176002231563	-1.080413788519082e-05	-0.0451050623643387	-0.041252257017634	0.0130260980836706	0.0584849724599515	-0.0049160167562095	-0.0009092434296472	0.0011132722796204	0.0311120128000004	0.0800943349000016	0.0781488686000016	-0.0221501224000005	0.085819250300002	0.0217419657000002	-0.0856705448000013	-0.0607242596000013	0.0580394502000016	0.0871336971000016	1
1.022947220424281	3.0215112939664343e-05	-0.0234247938378186	-0.0407151890621282	-0.0092669620915149	0.0498877816847464	-0.0054359782628959	-8.879617402344497e-05	0.0012127687858682	0.1181575563000024	0.061856887200001	-0.0368672711000009	0.0010665311999996	-0.051894093000001	0.0204048480000008	-0.0868499729000015	-0.057493419400001	0.0622978778000015	0.0840972192000015	1
0.9987667539978644	-8.283672845829964e-05	-0.0109257894538844	-0.0276627315736711	0.0118957564402827	0.036673549192485	-0.0052997806317608	-0.0003908733911349	0.0012719740347671	0.0156446180999999	-0.0499042755000003	-0.0307535059000005	0.0375346675000011	0.0053027102000002	0.0190635313000002	-0.0879579165000016	-0.0541561147000016	0.066351243200002	0.0806282803000018	1
0.7835599432617876	0.0002231965311393	-0.0046072644112713	-0.027777073194827	0.0047464238053425	0.050970768497676	-0.005695068289032	-0.000664975019117	0.0013941167461183	-0.0964060408000021	-0.0339615046000002	0.1028165325000022	0.0165697676000009	-0.0521320894000009	0.0177182916999999	-0.0889934638000016	-0.0507185253000015	0.0701862042000019	0.0767447190000017	1
0.3729884081837241	-0.0005722005135324	-0.0017414376687188	-0.030631176404783	-0.0252035788164015	0.0179002644451432	-0.0050503218595035	-0.0003895834536821	0.0010220235894367	-0.0238392376000004	0.0929447389000023	-0.1035182204000024	-0.0181951206000006	-0.083384950600002	0.0163694060000007	-0.0899557625000022	-0.0471870168000011	0.0737901375000014	0.0724665061000017	1
0.0504448911958275	0.0013424228010787	-0.0005582787803767	-0.0396249401948717	0.042295324345945	0.0510981886681751	-0.00554473420322	-0.0005291038908569	0.0011180416024311	0.0353324424000008	-0.0052416339999998	0.0084001862999995	0.0156188401999987	0.0682873640000011	0.0150171519000012	-0.0908440203000024	-0.0435681289000004	0.0771511802000011	0.0678156420000017	1
-0.1034847257941364	-0.002304356858335	-0.0001011791504256	-0.0285369936521825	-0.0392430976782826	0.0477398725734987	-0.0057681708142305	-0.0005741700222153	0.001270854200255	0.0665234444000016	-0.0492666249000013	0.0834074386000011	-0.0078996925000016	-0.0785949461000017	0.0136618075000006	-0.0916575064000024	-0.0398685628000003	0.080258269000001	0.0628160431000011	1
-0.1445071271453759	0.0836620888342601	5.542699642804419e-06	-0.0255968747392797	-0.0009324884668157	0.0159345324605738	-0.0056003342317724	-0.0003788645931404	0.0010219475420212	0.0292539092000007	-0.1162762305000017	-0.0427217843000014	-0.0198382421000023	0.0844104872000016	0.0123036518000008	-0.0923955510000028	-0.0360951694000001	0.0831011765000011	0.0574934194000018	1
-0.1292818836447278	0.4271748889725398	-2.1481495756892643e-06	-0.0223000816474592	-0.0197306292942605	0.0558125587130988	-0.0058186531462301	-0.0005589957832767	0.0013718864161605	-0.006837917	-0.1085070418000018	0.0537594589000007	0.0132770343999989	0.0419113395000009	0.0109429642	-0.0930575468000024	-0.0322549359000005	0.0856705448000014	0.0518751419000013	1
-0.0938504594438337	0.8178099622835205	8.288034888631427e-07	-0.0315928306947643	0.0031113934026758	0.0325184452284465	-0.0058087848447035	-0.0004120515987383	0.0012218137966955	-0.064818184700001	0.0132771232000004	0.0776712455000013	-0.038546911900001	-0.0599006242000014	0.0095800246999998	-0.0936429488000022	-0.0283549738000011	0.0879579165000014	0.045990102000001	1
-0.0584278801283495	1.0479916125456044	-3.020115599053652e-07	-0.0279137782208088	0.0052996494622326	0.0319990855252144	-0.0060587908412347	-0.0004250253068384	0.0011627232228952	-0.0138666368	0.0915016621000024	-0.1145421303000028	-0.0126901946000007	-0.0271432636000009	0.0082151139000003	-0.0941512753000023	-0.024402504800001	0.0899557625000014	0.0398685628000012	1
-0.0319938131236013	1.1348987628344829	1.04279629730506e-07	-0.0263849885455324	0.0251857437509964	0.0416231489119668	-0.0056771066210008	-0.0005772253483151	0.0014868738985789	0.0003579345999999	0.0254915105000014	-0.0490096208000012	0.0151879694000001	0.1256538029000026	0.0068485125999996	-0.094582107800002	-0.0204048480000014	0.0916575064000018	0.033542003800001	1
-0.0156482176961605	1.1408684075003228	-3.493654634059193e-08	-0.0277539027609651	0.0207304794497108	0.0609178319583929	-0.0061341928831381	-0.0005300007244407	0.0013028867252029	0.0848416241000021	-0.0053169596000006	0.1328294508000024	0.0024251006999995	-0.081635476600002	0.0054805019999998	-0.0949350916000019	-0.016369406000001	0.0930575468000014	0.0270429587000003	1
-0.0069070206405013	1.1118319374046168	1.12760589637866e-08	-0.0170892386172606	-0.0384065515915785	0.0143023125618103	-0.0060581434975179	-0.0006049416236693	0.0012991794195301	0.1002697455000022	-0.0513819076000006	-0.0735498673000016	-0.0040182004000003	-0.0292513704000006	0.0041113635999995	-0.0952099364000022	-0.0123036518000011	0.0941512753000016	0.0204048480000004	1
-0.0027511560425245	1.0746441063569323	-3.451958359164965e-09	0.0076442101911611	0.0205773296698059	-0.0045146712596858	-0.007194391361388	-0.0007277295161238	0.0018674105780164	-0.0085560671000001	-0.0587507671000005	0.0397386486000009	-0.0337117198000004	0.0326000859000005	0.0027413791999994	-0.0954064159000021	-0.0082151139000017	0.0949350916000017	0.0136618075000005	1
-0.000964093327358	1.0433760479450045	9.73383477186105e-10	0.0129033069357857	0.0067468451329517	-0.0086112617451319	-0.0074232249054968	-0.0003788837232064	0.0018531196073451	-0.0504450123000007	-0.062415606000001	0.0901674674000019	-0.0545136763000006	-0.1185802857000027	0.0013708305999995	-0.0955243683000023	-0.0041113636000015	0.0954064159000015	0.0068485126000003	1
-0.0002530434158433	1.022361765790464	-2.3552052608556474e-10	0.0089077892782129	0.0044973907090493	-0.0190124413185678	-0.0073151430491189	-0.0004652840029455	0.001852826567196	-0.0611384585000012	-0.0451902754999998	-0.098164978500002	-0.0103501969999995	-0.0537846976000014	-3.292599178061129e-16	-0.0955636965000024	-1.6858568747002858e-15	0.0955636965000017	5.356021465456047e-16	1
-1.2492830335486446e-05	1.0103606773200655	3.7219640845942356e-11	0.0096830003477223	0.0344224806611935	-0.0119193248735467	-0.0070719265749096	-0.0001620271558059	0.0017039481616462	-0.0914520965000018	-0.0007831154999991	-0.0118389602000003	-0.0668091236000013	0.0560286207000008	-0.0013708306000002	-0.0955243683000025	0.0041113635999989	0.0954064159000016	-0.0068485125999995	1
9.626684746054862e-07	1.0043396402389186	5.814673747145053e-12	0.0028470571920576	0.0015758530200295	-0.0069686512606085	-0.006931923598426	-0.000161855233139	0.0016889593659298	0.0090192593000004	0.1263929939000026	0.0157332245000003	-0.0528184872000003	-0.0978254887000024	-0.0027413792000005	-0.0954064159000021	0.0082151138999985	0.0949350916000014	-0.0136618075000004	1
-1.2310830601190246e-06	1.0016280576050138	-9.685128966714735e-12	0.0042963387140851	-0.0050682764627204	-0.0211549443508691	-0.0069322345604583	0.0002481409353541	0.0014028786110157	0.0330209997000008	0.0498303824000016	-0.1579787344000034	-0.0624724565000016	0.0081590327999997	-0.0041113635999999	-0.0952099364000026	0.0123036517999994	0.0941512753000013	-0.020404848	1
3.352126186676658e-06	1.0005097597474253	6.430751463738465e-12	0.0091232034351243	0.0454671738846898	0.0581614672213398	-0.0073742267453703	-0.0004171009680499	0.0016529875351429	-0.0042658773999998	0.0491928312000011	0.0304062945000002	-0.0118362156000012	0.1022028471000018	-0.0054805019999999	-0.0949350916000022	0.016369406	0.0930575468000012	-0.0270429587	1
-9.869212864492246e-06	1.0000953544870097	-3.432902699375666e-12	-0.0035293437790498	-0.014153841445009	0.0100187410488666	-0.0074461676976568	-0.0004630167263234	0.0017487985338805	0.0464597362000011	-0.0871449239000016	0.0366632463000007	-0.0096152465000001	-0.045009551500001	-0.0068485126000007	-0.0945821078000022	0.0204048479999994	0.0916575064000015	-0.0335420038000008	1
2.888963341898328e-05	0.9999654517520188	1.6552593632112917e-12	0.0081620256812027	0.0332904134629227	-0.018839322912215	-0.0072478167938924	-0.0002962226220699	0.00171595243241	-0.0126828429000001	-0.1119414901000016	0.0266448410000005	-0.0501249958000012	0.0576235020000009	-0.0082151139000005	-0.0941512753000024	0.0244025047999995	0.0899557625000014	-0.0398685628000005	1
-8.269810370474717e-05	1.0000847848791805	-7.468784233658152e-13	0.0088107316267678	0.0017541301367446	0.0418314208733367	-0.0073503510423101	-0.0002418331219305	0.0018581374212468	-0.0386329968000004	-0.0646226639000013	0.1109993795000021	-0.0158416432000006	-0.043061999900001	-0.0095800247000008	-0.0936429488000022	0.0283549738	0.0879579165000012	-0.0459901020000008	1
0.0002323442928826	0.9997668421994004	3.25001890507431e-13	0.0077287479791726	0.0012033202099541	0.038589993680034	-0.0073190667355341	1.833096774672478e-07	0.0017260273313884	-0.0946844904000016	0.0062445574000007	-0.0907290927000021	0.0268428935000004	-0.1017086706000025	-0.0109429642000002	-0.0930575468000024	0.0322549358999999	0.0856705448000012	-0.0518751419000004	1
-0.0006185841839843	1.000618888098122	-1.3440347834517686e-13	0.0083561520084747	-0.0323256808027727	0.0003848852989841	-0.0072922517122226	0.0002090991016496	0.0017562855729971	-0.0397434585000008	0.0433572278000016	-0.0414022364000007	-0.0559697632000009	0.138469382800003	-0.0123036518000013	-0.0923955510000023	0.0360951693999997	0.0831011765000013	-0.0574934194000011	1
0.0014749837529988	0.9985249077048992	5.6298349162519954e-14	0.0097878013658751	0.0423845294201334	0.0448012288977968	-0.0077670391637441	-5.26666143628134e-05	0.0015878201224859	0.0051417462000003	0.0874222754000016	0.0870409603000016	-0.0381350992000015	0.1161453616000021	-0.0136618075000004	-0.0916575064000021	0.0398685628000003	0.0802582690000008	-0.0628160431000012	1
-0.0017601500537757	1.0017601878806217	-2.1104838686159577e-14	-0.0011817806428806	0.0096453489944832	0.0250064741357085	-0.0073332295749236	0.0002080225292174	0.0014947836463424	0.1284974034000032	0.0252401873999998	0.0311388784000002	-0.0224886670000012	-0.0912417726000023	-0.0150171519000001	-0.0908440203000022	0.0435681289000005	0.0771511802000005	-0.0678156420000017	1
0.104460018324222	0.8955399687930377	9.326651080704208e-15	0.0030583207989849	0.0081228076172133	0.0113723360360756	-0.0071771245626786	7.079738564155078e-05	0.001728777764621	0.0303648508000008	-0.0771286334000012	-0.0617277253000015	-0.0075741853000008	0.0278267277000003	-0.0163694060000004	-0.0899557625000024	0.0471870168000006	0.0737901375000009	-0.0724665061000011	1
0.4659579297412979	0.5340420744884988	-4.098526496505346e-15	0.0023276810377271	0.0271355157015743	-0.0051430406823983	-0.007335048381452	-2.675707050153082e-05	0.0015694210284905	-0.0907446111000017	-0.0421575952000003	-0.0127783765000002	-0.0514446567000011	0.0501995375000009	-0.0177182917000005	-0.0889934638000024	0.0507185253000008	0.0701862042000012	-0.0767447190000011	1
0.8461573508345688	0.1538426477140535	-1.2474114238710825e-15	-0.0111412918463576	0.0217796523997575	0.0196646599836471	-0.0076778005045836	-0.0003846377769016	0.001467047147212	-0.0673649310000012	0.0805755803000014	0.087873755200002	-0.0659205708000011	0.0440773148000009	-0.0190635313000006	-0.0879579165000019	0.0541561147000012	0.0663512432000013	-0.0806282803000018	1
1.060852975130501	-0.0608529745014375	-3.563690977642733e-15	-0.0110122785669232	-0.001974846482624	-0.014361563107415	-0.0076457126460895	-0.0004581022703378	0.0015947710146035	0.0864246896000017	0.0151035728999998	-0.0130487364	-0.0133054412999994	-0.1313825623000029	-0.0204048480000004	-0.0868499729000018	0.0574934194000007	0.0622978778000014	-0.0840972192000023	1
1.1379216724303518	-0.1379216731857986	-3.472895830232456e-15	-0.0125238038304479	0.0001327077603021	0.0076193746718768	-0.007326062697794	-0.000635875489602	0.0016016959977534	0.1125573480000023	0.0323671565000001	-0.0682980002000014	-0.031606407800001	-0.0011116238000001	-0.0217419656999999	-0.085670544800002	0.0607242596000019	0.058039450200001	-0.0871336971000021	1
1.139196420130202	-0.1391964186787329	-3.4143516757014847e-15	-0.0102745574801307	0.0206049633319348	-0.0029847786288859	-0.0074067860494637	-0.0003579797700877	0.0016131971232951	0.0453935239000007	-0.0358758213000006	-0.0260493514000002	0.0032301208000005	0.0346771832000007	-0.0230746094000005	-0.0844206031000018	0.0638426524000011	0.0535899776000014	-0.0897220992000021	1
1.108409298366182	-0.1084093015518338	-4.2494473462711e-15	-0.0114007057098748	0.0207195739510262	0.0374209177243612	-0.0077851055205453	-0.000635829447569	0.0014955482133131	-0.0201045330000004	-0.0667275831000017	0.1327304632000031	0.0308380147000012	-0.0910010433000018	-0.0244025048000008	-0.0831011765000016	0.0668428233000013	0.0489641061000012	-0.0918491150000023	1
1.071572904952976	-0.0715728985535649	3.356108608296037e-16	-0.0103404402965885	-0.0336739960963964	0.0037394999634016	-0.0072567006331073	-0.0004287319676144	0.0017159698268294	-0.0888580851000018	-0.0157664398999997	-0.1710786959000034	0.0161919941000008	-0.1023123936000021	-0.0257253786000005	-0.0817133510000022	0.0697192167000016	0.0441770624000012	-0.0935038064000017	1
1.0407927737062468	-0.0407927852722568	-1.5025967652664222e-14	-0.0123366247464824	0.0206414500108569	0.0042625531098676	-0.0080083204636835	-0.0004622141021639	0.0011751680793996	-0.0606699099000014	0.0466106599000013	-0.0333980729000004	-0.0263718104000001	0.1081285959000024	-0.0270429587000007	-0.0802582690000018	0.0724665061000016	0.039244603700001	-0.094677664500002	1
1.021550897536922	-0.0215508820167741	3.423624179785791e-14	-0.0177228235660473	0.0284427192368222	0.0279938433470478	-0.0082138982856067	-0.0011549829824595	0.0012087776097691	0.0757222364000016	0.0948773269000011	0.0635726466000013	0.0004234636000002	-0.0486448448000012	-0.0283549738000003	-0.0787371281000015	0.0750796043000016	0.0341829659000005	-0.0953646527000026	1
0.9836954611312024	0.016304538075799	-1.1546379558714064e-13	0.0047183475144274	0.0022093259960916	-0.0129423629774836	-0.0080350614212822	-0.0014651622603889	0.0014031372109373	-0.0282765348000006	-0.1122281719000018	-0.0703730161000013	0.0019758396000001	-0.0087190772000001	-0.0296611541000006	-0.077151180200002	0.0775536723000017	0.0290088101000006	-0.0955612383000018	1
0.7253339289716807	0.2746659664359925	3.27626308342275e-13	-0.0022485957199048	0.0559595924595036	-0.0296838460702431	-0.0076360347886661	-0.0014649778582361	0.0014289287295392	-0.0573891749000013	0.0431349827000012	-0.0048918488999998	-0.0423460267000002	0.0813685968000015	-0.0309612306000007	-0.0755017308000018	0.079884128800001	0.0237391677000004	-0.0952664105000019	1
0.3114632885394482	0.6885372645221739	-9.375936582869257e-13	-0.0182868911062298	0.0311281939427208	-0.0106953591812421	-0.0080660516314021	-0.001465785234209	0.001428113221617	0.045028448800001	0.0986660286000015	0.0789841915000016	-0.0419167610000005	0.0275724606000003	-0.032254935900001	-0.0737901375000016	0.0820666583000009	0.0183913845999999	-0.0944816852000026	1
0.0162734895311235	0.9837243444709788	2.6059923061526417e-12	-0.0152622359936899	0.0066710362806796	-0.0214002961777032	-0.0077811354203774	-0.0012762947738388	0.0014840577903563	0.1064259661000022	0.045405246700001	-0.0797971953000017	-0.0062143563000002	0.0567399424000009	-0.0335420038000009	-0.0720178090000018	0.0840972192000009	0.0129830635999996	-0.0932110979000022	1
-0.1156948159504692	1.115702294007167	-7.090552113721495e-12	-0.0092787386017087	0.0297846016699452	-0.0204785824168724	-0.0077501461052861	-0.0011762150758606	0.0015989654446856	0.0357197043000006	-0.0498959715000006	0.0421715985000009	0.0093618192000005	0.0791290177000015	-0.0348221695000016	-0.0701862042000017	0.0859720514000004	0.0075320069999997	-0.0914611824000022	1
-0.1446790022174716	1.1446549737555158	1.8936558975231084e-11	-0.0008116789605448	0.0112556441324035	0.003140250502908	-0.0082858883762942	-0.0014678626646142	0.0016499530254177	-0.0719800520000012	-0.0651774409000011	0.1018030964000021	0.0200222426000009	-0.1018259685000023	-0.0360951694000016	-0.0682968306000016	0.0876876832000006	0.0020561577999994	-0.089240937500002	1
-0.1244228182480152	1.124496547964128	-4.9590550533212004e-11	-0.0187882549825121	0.0073342584750703	-0.0117143131552392	-0.0083391826483585	-0.0010517839863913	0.0017421496621074	-0.063168533900001	0.081690718200002	-0.0881017197000019	0.0108986304000006	-0.0897911644000022	-0.0373607416000009	-0.0663512432000018	0.0892409375000008	-0.0034264595000006	-0.0865617806000017	1
-0.0879644962268005	1.0877449629224647	1.2730661260222422e-10	0.0039356859334568	0.0064975324007008	-0.044735189850174	-0.008642076653306	-0.0012407811127487	0.0016791745578285	0.103948789100002	-0.0026496139999998	-0.0171124288000001	-0.0070976029999997	0.0529968075000009	-0.0386186257000015	-0.0643510435000016	0.0906289382000003	-0.0088977982000007	-0.0834374889000021	1
-0.0536186541731188	1.0542294899849662	-3.1982725982658274e-10	-0.0024753952864101	0.0370233635940597	0.013010982303797	-0.0087412248942315	-0.0010683671445822	0.0016808605874962	0.0740182052000017	-0.0575578870000014	0.0836519340000015	0.0257956922999999	0.0196759973000002	-0.039868562800001	-0.0622978778000015	0.0918491150000013	-0.0143398485000011	-0.0798841288000018	1
-0.02879736047549	1.027328585109304	7.85471538977307e-10	-0.0128048049653991	0.0023156112837205	-0.0411001585132322	-0.0081576944628753	-0.001048559924792	0.0017267527646709	-0.0823526604000016	-0.0792108955000008	-0.0824486032000017	-0.0011811381999997	-0.0566939797000013	-0.0411102958000013	-0.0601934360000019	0.0928992083000011	-0.0197346973000008	-0.0759199731000013	1
-0.0139113051898819	1.0143143660540417	-1.878812155995909e-09	0.0009073373328051	0.0499936256825476	0.0004872250576821	-0.0088679603219324	-0.0013159169664321	0.0017792039015982	-0.056211394600001	0.0184904130000009	-0.0030785977000002	-0.0030700995000005	0.1197217449000023	-0.0423435691000009	-0.0580394502000016	0.0937772737000014	-0.0250645864000012	-0.0715654069000011	1
-0.0059140591572622	0.8782169780968015	4.350895504440814e-09	-0.0095405405591578	0.010523396220847	0.0237406040481419	-0.0087691521078945	-0.0011812393931997	0.0016453537327367	0.0580817018000014	0.1185569609000019	0.0680728160000013	0.0475355844000012	-0.085191372700002	-0.0435681289000013	-0.055837693300001	0.0944816852000009	-0.0303119720000013	-0.066842823300002	1
-0.0025917989502993	0.4975995560970377	-9.656734643902732e-09	-0.0068941497300021	-0.0011072742416047	0.0106525279936827	-0.0085599759272356	-0.0007300076956885	0.0017509097092391	0.0617417928000011	-0.1059632584000015	-0.1014789118000023	0.1013243162000012	0.0429803236000009	-0.0447837232000009	-0.0535899776000016	0.0950111383000017	-0.0354595815000012	-0.0617765075000011	1
-0.0003546030681488	0.1278207769083612	2.0166539164097625e-08	0.0017887117384004	0.0597336624374818	-0.0146461718721335	-0.0087693289756715	-0.0008948193647129	0.0017796114338006	-0.0873338296000016	-0.0264308470000001	0.0429554534000006	0.0086394134999993	0.0472621154000006	-0.0459901020000004	-0.0512981531000017	0.0953646527000019	-0.0404904708000015	-0.0563925126000007	1
-0.0012986878203776	-0.0723739744927152	-3.8120387109459944e-08	-0.0072943722847177	0.0194756657208343	0.0058748266891341	-0.008769830728766	-0.0009939494671435	0.0015806767276184	0.0788013180000021	0.1205316569000014	0.0297378583999999	-0.0078599019000018	-0.0888616844000024	-0.0471870167999997	-0.0489641061000017	0.0955415737000028	-0.0453880801000023	-0.0507185253000012	1
0.0334414469886694	-0.1403543121666718	5.86707210726493e-08	-0.0037086936553543	0.0232646677453105	-0.0094736349672105	-0.0087700412269812	-0.0007097227699547	0.0016439225665821	0.0792390209000017	-0.0709985438000013	-0.0889760746000025	0.0399700600999987	0.0453523999000006	-0.0483742214999998	-0.046589757800002	0.0955415737000029	-0.0501362882000021	-0.0447837232000006	1
0.304020933035828	-0.1371894946488865	-4.0732413083516515e-08	-0.0080542077183731	0.0070718197530506	-0.0125933669412623	-0.0087703243376586	-0.0003671456371038	0.0016279206467069	-0.0955119200000018	-0.0282698691000002	-0.0076751605000005	-0.0274509075000019	0.050663617500001	-0.0495514717000005	-0.0441770624000018	0.095364652700003	-0.0547194656000018	-0.0386186257000003	1
0.7145457883468231	-0.1050979433952034	-1.971033783597165e-07	-0.0101713697766707	0.031703314912178	0.0189872644522062	-0.009195888703078	-0.0008501126147462	0.0017601325766954	-0.0108392090000001	0.1232393336000021	0.103076286600002	-0.019768060700001	0.0885618188000018	-0.0507185253000008	-0.0417280058000009	0.0950111383000025	-0.0591225262000016	-0.0322549359000009	1
0.99718957837234	-0.068266555120921	1.3179981993595554e-06	-0.0095016634117821	0.001286053439941	0.0181760291767722	-0.0087247203557766	-0.0004310893867877	0.0018521603628199	0.0504627585000009	-0.0786742106000017	-0.0283453201000006	0.071176756300001	-0.0774067383000015	-0.0518751419000008	-0.0392446037000009	0.0944816852000023	-0.0633309768000014	-0.0257253786000006	1
1.1201044938487454	-0.0387679987578304	-5.503412636706866e-06	-0.0094356980557812	0.0118430253278488	-0.0232361940744423	-0.008429259468824	-0.0004288667333423	0.0016272221043552	-0.0808479193000018	-0.0215432009999999	-0.0222884354000002	-0.0149288518	0.0440363873000011	-0.0530210836000014	-0.0367289002000009	0.093777273700002	-0.0673309646000012	-0.0190635313000002	1
1.144374709267648	-0.0195846404071214	1.959251592175409e-05	-0.0149133363169653	0.0337425623721538	0.0500744167272858	-0.0093442928910868	-0.0004301117697007	0.0016270272467315	-0.0604584337000013	0.0990566529000018	0.093398789700002	0.0209340059000002	0.082096024300002	-0.0541561147000012	-0.0341829659000004	0.0928992083000024	-0.0711093231000015	-0.0123036518000003	1
1.122345158794415	-0.0089076485150802	-6.430134668168297e-05	-0.0087803481219585	0.0096137255145135	0.0379655480488464	-0.0091572156563818	-0.0005149581193504	0.0016261791482053	0.0564994596000012	0.1018006882000016	-0.0349951764000008	0.0708781653000014	-0.135759602900003	-0.0552800014000007	-0.0316088963000004	0.0918491150000021	-0.0746536153000018	-0.0054805020000003	1
1.0853341077543175	-0.0036622058348169	0.0002018498677961	-0.0045405195742476	-0.00499816059697	-0.0196840426257281	-0.0087224325029902	-0.0002161088876938	0.0016290853295117	0.082421871500001	-0.0437808517000003	-0.0473732190000004	0.0825715196000027	0.0536191677000015	-0.0563925126000021	-0.0290088101000002	0.0906289382000007	-0.0779521747000011	0.0013708305999995	1
1.0522615151280552	-0.0013408139194914	-0.0005840824036076	-0.0164107609843565	0.0474820256471853	0.0302745798732094	-0.0092069591322995	-0.0002220036927278	0.001629012979311	-0.0369075935000006	-0.0819354393000018	0.0931432307000017	0.0242202673999995	-0.0391656811000007	-0.0574934194000007	-0.0263848473000006	0.0892409375000028	-0.0809941435000019	0.0082151139000003	1
1.0261588712237355	-0.0004001411095443	0.0014083996324328	-0.0115676468767838	-0.0086713884648896	0.0244815991289909	-0.0091051886896932	7.007302915886971e-05	0.0016313536416735	-0.1137988637000023	0.0274671801000009	-0.0938318942000021	0.0403807866000005	-0.1120542115000022	-0.0585824951000008	-0.0237391677000007	0.0876876832000025	-0.0837695089000019	0.0150171519000007	1
1.0120783126120731	-4.983987255625981e-05	0.001093708645332	-0.0064462699626362	0.0315771294436054	-0.0176407901744833	-0.0085989231427025	-0.0002225465031909	0.0017540810138705	-0.0014255263000004	0.0406639618000013	-0.0322580408000004	0.0324098513000012	0.0803100497000018	-0.0596595157000016	-0.0210739489000002	0.0859720514000011	-0.0862691351000016	0.0217419657000003	1
0.8596663227775517	4.991522687000289e-06	0.1460193696808389	-0.0140198233771392	0.0137840123006744	0.0167062528476691	-0.0088153261431296	-0.0003561828501742	0.0016279636762916	0.0092803761999999	-0.0471194236000009	0.0758058006000018	0.0559977847000014	-0.0339135458000004	-0.0607242596000016	-0.0183913846000001	0.0840972192000017	-0.0884847944000017	0.0283549738000002	1
0.4698656944593298	-2.9838997401290114e-06	0.5323451325591079	-0.0102566645423386	0.002848922918389	0.0084179683995549	-0.0087680124128393	-0.0001178411857145	0.0017880207952367	-0.1151915154000026	-0.0247594859999998	-0.0520875548000008	0.0798534652000027	-0.141637988100003	-0.0617765075000015	-0.0156936827000004	0.0820666583000017	-0.0904091936000014	0.0348221695000008	1
0.109509048676806	4.382264233800097e-06	0.8912320353322654	-0.0149998775411005	-0.00269480087836	-0.0267756179760573	-0.0089151772587607	-0.0004750148549158	0.0019079240428286	0.0116284785999997	0.0624123965000016	-0.0494399136000005	-0.0073511187999992	0.1160980424000027	-0.0628160431000017	-0.0129830636000005	0.0798841288000019	-0.0920359983000012	0.0411102958000004	1
-0.0801321885001679	-1.0005857820323331e-05	1.0803110582796505	-0.0117602729044101	0.0333379883874433	-0.0095516126403801	-0.0089211616901629	-0.0005066221980704	0.0018182786099687	0.0244515273	-0.0675336747000012	0.0880598244000023	0.0329624346000017	0.0618048483000015	-0.0638426524000017	-0.0102617584000003	0.0775536723000018	-0.0933598536000011	0.0471870168000004	1
-0.1417519320810123	2.5033098010679517e-05	1.141726086762235	-0.0252943623986403	0.0059802678786679	0.0118449208494695	-0.00926230295089	-0.0003612034590365	0.001877365029416	-0.084300028000002	-0.0250542960000003	0.0596986176000016	0.0311175312000016	-0.0513380012000008	-0.0648561241000016	-0.0075320070000005	0.0750796043000022	-0.0943764019000011	0.0530210836000007	1
-0.1356465933615579	-6.251574123279343e-05	1.135710493671826	-0.0197494435041677	0.0030405951308553	-0.0022252279961488	-0.0087929427207207	-0.0001792935954969	0.0019992485051617	0.0092014856	0.0877642925000016	-0.0343254482000004	0.0046292453000008	-0.0690711478000015	-0.0658562496000011	-0.0047960562000005	0.0724665061000022	-0.0950822971000014	0.0585824951000007	1
-0.1026565412720871	0.0001530072221146	1.1025030121492438	-0.0189598724056171	0.0085102729625247	0.0072906477338396	-0.0089412962170534	-0.0003519035653892	0.0018779682200019	0.1007712858000016	-0.0359222337000005	-0.0543339890000008	0.0585043633000015	0.040815788700001	-0.0668428233000013	-0.0020561578000003	0.0697192167000021	-0.0954752155000013	0.0638426524000009	1
-0.0660546345378988	-0.0003529404594259	1.066407740949444	-0.001295301327387	0.0384539631550211	0.0195772880108805	-0.0089950878391698	-4.376150523124144e-05	0.0018363448121732	-0.0332758469000008	-0.1001895981000018	0.0476702477000011	0.0098078098999997	0.0598024897000014	-0.0678156420000011	0.0006854329999995	0.0668428233000028	-0.0955538639000017	0.0687745056000016	1
-0.0372115221600981	0.0007575121849854	1.0364539416703975	-0.0089160137420226	0.0149801576044544	0.0361968888692859	-0.00939503686773	-0.0001144569097354	0.0019060079427276	-0.0317171064000006	0.0944094551000016	0.0476967909000011	-0.0178081991000005	0.041830815000001	-0.0687745056000011	0.0034264594999997	0.0638426524000027	-0.0953179834000018	0.0733526932000014	1
-0.0186645652657444	-0.0017434081267154	1.0204080520387424	-0.0174082108522238	0.010567579343686	0.0336036411557796	-0.0096653294707353	-0.0003340711555054	0.0019789312612143	0.1207024877000023	-0.0077162769000007	0.0158922994000004	0.0581064659000012	-0.0870308394000018	-0.0697192167000009	0.0061646659	0.0607242596000022	-0.0947683504000016	0.0775536723000011	1
-0.0084334545509633	0.0459943217290666	0.9624389794061542	-0.0149509594910876	0.0052173353841735	-0.0006445288310868	-0.008778205017853	9.174217748801872e-05	0.0018819376624919	-0.0571089117000012	-0.0657203347000009	-0.0355624117000007	-0.029940200500001	0.0067775506000002	-0.0706495810000011	0.0088977981999994	0.0574934194000027	-0.0939067741000017	0.081355840000002	1
-0.0034436629068231	0.3406672945113991	0.6627766610866807	-0.0070179916604177	0.0194679944005	0.0113336823045821	-0.0095198926987781	-0.0002557195586413	0.0020403329053484	-0.0215837699000005	0.0699646980000016	-0.0018314947999999	-0.0277461164000008	0.1018724069000022	-0.0715654069000015	0.0116236069999999	0.0541561147000016	-0.092736090600002	0.0847396439000019	1
-0.0012494679721277	0.7476955426377334	0.2535534661758962	-0.0201546934689672	0.0184929697998934	0.0314303389715462	-0.009933037704302	-0.0001158633578116	0.0018849730684409	-0.0048072032	0.1204431201000023	0.0589374618000011	0.0166848061000004	-0.0101302761000002	-0.0724665061000019	0.0143398485000004	0.0507185253000004	-0.0912601531000023	0.0876876832000016	1
-0.0003642640003265	1.0141546075236672	-0.0137899924521432	-0.018028539442781	-0.016235693294577	0.0048238045068268	-0.0098472094066276	5.596788719062528e-05	0.0016313158288593	0.0481262005000008	-0.0529244810000004	-0.0335710371000007	0.0497036553000009	0.0207005948000006	-0.0733526932000025	0.0170442873000004	0.0471870167999997	-0.0894838202000022	0.0901847978000019	1
-3.947399254848368e-05	1.1254624953186771	-0.1254216449516581	-0.0304870706329448	0.0279933742240102	0.0180410765997012	-0.0105442636509182	0.0001248996590636	0.0016322007962316	-0.0895897259000016	-0.0725234486000007	0.0429617216000005	0.0162877101999997	-0.0093944385	-0.074223785600002	0.0197346973000002	0.0435681289000002	-0.0874129386000024	0.0922181468000024	1
4.221768332694042e-06	1.1436851089704392	-0.1436989985434784	-0.014380639053271	0.0118987000335415	0.0444151787191346	-0.0107213154202992	-0.000337562550939	0.002248760446896	-0.0086136699999999	0.1084743466000024	-0.0351088537000012	0.0484144483000005	-0.0848119109000019	-0.0750796043000017	0.0224088640000006	0.0398685627999998	-0.0850543252000026	0.0937772737000023	1
-2.7376467263829594e-06	1.11923343622614	-0.119189664594559	-0.0314943083423612	0.0974005777617091	0.0024699643072515	-0.009314864300799	-0.0006210991883519	0.0008771259124814	0.0425929350000009	-0.0715556169000005	-0.1148336114000029	0.0760836332000007	-0.0091240617000006	-0.0759199731000011	0.0250645864000004	0.0360951693999997	-0.0824157435000023	0.0948541610000028	1
4.467395822006797e-06	1.0820046719302994	-0.0821593283771798	-0.02601671594033	-0.0175348561536191	0.0215244834689374	-0.0113744633531839	-0.0009851456469827	0.0015149441842806	-0.0394155263000007	0.0069575701000007	0.0250504753000004	-0.0074801620000004	0.0458161377000012	-0.0767447190000026	0.0276996788000006	0.0322549358999997	-0.0795058789000022	0.0954432708000022	1
-1.072318954423402e-05	1.0495272287057291	-0.0490408184854171	-0.0277064049479353	-0.0036391109044746	0.0491713996303397	-0.0117972068223345	-0.0008942624118482	0.0013107699486976	0.0577371620000013	-0.0020041477000002	0.1002906628000018	0.0185113840999997	-0.0253782928000003	-0.0775536723000022	0.030311972000001	0.0283549737999999	-0.0763343096000023	0.0955415737000018	1
2.7686842805846e-05	1.0247205243490876	-0.0258861080347842	-0.033747308792145	0.0003039618964202	0.0220740565228394	-0.0112731397696484	-0.0008494374802906	0.0014037543360775	-0.0801873843000015	-0.0729949807000006	-0.0246453539000006	0.0285138586000005	-0.052614494600001	-0.0783466667000022	0.0328993162000006	0.0244025047999997	-0.0729114752000018	0.0951485642000024	1
-7.128974244670785e-05	1.0079729136320634	-0.0122518798194003	-0.0246558423780106	0.0064144585849268	0.0229266275619433	-0.0113945578615445	-0.0009062148717961	0.001611891824573	-0.0035537462000001	0.0826744121000022	-0.0194743816000004	-0.0056017732000001	0.1061981828000023	-0.0791235388000024	0.0354595815000009	0.0204048479999992	-0.0692486424000019	0.0942662634000021	1
0.0001804400879964	0.8316348803887935	-0.0052410262756539	-0.0381155827839466	0.0125680356032217	0.0661183233845715	-0.0118008766028793	-0.0005907523864713	0.0013950653600923	0.0594077261000012	0.0379786441000006	0.0980106442000018	0.0483957402000007	0.0131442448000004	-0.0798841288000023	0.0379906609000013	0.0163694059999994	-0.0653578680000018	0.0928992083000017	1
-0.0004333442831986	0.4314518205350254	-0.0020150909554012	-0.0318547348253173	-0.0053004308080066	0.0398327795770247	-0.011310179371059	-0.0001259258200701	0.0014003346133639	0.0048479805000002	-0.130799700400002	-0.0621501087000017	0.0424541597999995	-0.0282879120000005	-0.0806282803000015	0.0404904708000005	0.0123036518000004	-0.0612519591000019	0.0910544289000025	1
0.0009685411080077	0.0852551991020002	-0.0006670332485807	-0.0435692700121299	0.0272011787881892	0.0211926140090362	-0.011622089727798	-0.0002606390346976	0.0013990355838329	-0.0972080887000017	-0.0463170444000004	0.0088289680999996	-0.0479953620000025	0.0803830256000016	-0.0813558400000012	0.0429569540000003	0.0082151139000009	-0.0569444308000018	0.0887414118000026	1
-0.0021041161600796	-0.0900290019181979	-0.0001403302853131	-0.0471356192205424	0.0240054863252219	0.0493915875085782	-0.0124307291699769	-0.0001327096227668	0.0014002313965856	-0.0299441488000001	0.1006290877000015	0.1013831288000015	-0.062690767800003	0.0281976239000004	-0.082066658300001	0.0453880801000006	0.0041113636000009	-0.052449461900002	0.085972051400002	1
0.0563800435649547	-0.1432164737654912	3.859159057589984e-06	-0.0455581610793718	-0.0099997109671081	0.0316017622084211	-0.0118984081433188	0.0001818627090966	0.0015371345476103	0.1075136321000024	-0.0425444527000011	-0.0309002188000011	0.0320904685999995	-0.1104848298000024	-0.0827605889000012	0.0477818483000007	1.80324526503612e-16	-0.0477818483000016	0.0827605889000017	1
0.3674411317938702	-0.1333062124737138	-2.367148269660525e-06	-0.0592022725651052	0.0158717248154688	-0.0067202029974872	-0.0118713961704972	0.0001251935459226	0.0015683007463837	-0.056734703700001	-0.0928766080000014	-0.0165654319000006	-0.0730729476000024	0.0364830275000008	-0.0834374889000014	0.0501362882000005	-0.0041113635999995	-0.0429569540000011	0.0791235388000021	1
0.770570854403731	-0.0992212740882362	1.6586319737822662e-06	-0.0500298377185849	0.0129602651876148	0.0341137744444772	-0.0122143854118932	0.00012093336494	0.0014032903421786	-0.0514365911000009	0.0510328687000009	0.052409870700001	-0.0608433950000012	-0.0023195622999998	-0.0840972192000018	0.0524494619000012	-0.0082151139	-0.0379906609000008	0.0750796043000015	1
1.0254930619643774	-0.0630150619370876	-1.8501139999447184e-06	-0.0480942727481183	-0.0410942876479946	0.0347466471788926	-0.0119018550357042	0.0001271536222407	0.0014033066196354	0.0924019938000019	0.0886947720000013	-0.0659201871000013	-0.0413094330000006	-0.0946044760000018	-0.0847396439000019	0.0547194656000015	-0.0123036518000002	-0.0328993162000006	0.070649581000001	1
1.1288136195948766	-0.0351042073972431	1.90837889174742e-06	-0.0445726683250613	-0.0052910014078554	-0.0140331573008874	-0.0117972742972668	1.123021478376216e-05	0.0014021158863238	0.0494579599000006	-0.0791154819000012	-0.0372144913000002	-0.0453442469999997	0.0257721646000009	-0.0853646308000027	0.0569444308000016	-0.0163694060000012	-0.0276996787999999	0.0658562496000011	1
1.1429706233181718	-0.0174338287858514	1.6157999964727774e-06	-0.0451251090234325	0.0284156392730785	0.012510325709073	-0.0122864845894847	-0.0004643093881171	0.001512204504674	-0.0707266761000014	0.0024009341000002	-0.0027749517999998	-0.083140280100001	0.0070614371000003	-0.085972051400002	0.0591225262000015	-0.0204048480000006	-0.022408864	0.0607242596000015	1
1.116942575679165	-0.0078055730055775	-2.1580662876211028e-05	-0.0330886749987374	-0.0007078062015613	0.005471372691076	-0.0117693736854053	-0.0005623443414696	0.0014992424364678	0.0794078239000016	0.0877225537000013	0.032180759600001	-0.1049192751000012	0.0088289192000003	-0.0865617806000024	0.0612519591000019	-0.0244025048000012	-0.0170442873000001	0.0552800014000007	1
1.079666190198903	-0.0031568830684767	0.0001053667046641	-0.0327322006523762	0.0046795567216126	-0.0014921139530766	-0.0115416662114637	-0.0001282633405433	0.0017778198685573	0.0858675340000018	-0.1015782559000022	-0.0254472810000003	-0.0809028144000014	-0.0352425335000006	-0.0871336971000021	0.0633309768000015	-0.0283549738000008	-0.011623607	0.049551471700001	1
1.047590255335127	-0.0011305887236434	-0.0003778062414039	-0.0237974970521287	0.0220315392507629	-0.0565084559765281	-0.0104863537284961	-0.0004231186297244	0.0017363295428703	-0.0632328171000013	-0.0356844754000001	-0.0690337559000009	-0.1644136822000023	0.0338250833000007	-0.0876876832000024	0.0653578680000013	-0.0322549359000015	-0.0061646658999998	0.0435681289000013	1
1.0238404891547797	-0.0003178305647268	0.0008943278064658	-0.0224641936316632	0.0435070172093936	0.102600506598181	-0.0116342915376715	1.929117837503852e-06	0.0017315704348569	-0.0059976357999999	0.0827880252000013	0.0427471789000008	-0.034669176300001	0.0612664609000014	-0.0882236248000019	0.067330964600002	-0.0360951694000005	-0.0006854330000001	0.0373607416000011	1
1.004230848657605	-2.702710492189412e-05	0.0073972557127271	-0.0224221529198721	0.0069632321965271	0.0136447572812848	-0.0109552699921634	4.960589026950673e-05	0.0015323166206185	0.1319009353000031	-0.0085990565000011	0.0038062816	-0.1157934148000024	-0.1377815502000031	-0.0887414118000017	0.0692486424000016	-0.0398685628000009	0.0047960561999997	0.0309612306000004	1
0.810269810138161	2.508694452849847e-06	0.1946715583904082	-0.0177016959823523	0.0257411557774264	-0.0606607216921893	-0.0089100907416719	-4.705174140474588e-05	0.0015828224298369	-0.0377523730000008	-0.0888423851000012	-0.0832064324000011	-0.1530203847000017	0.0019781004999999	-0.0892409375000027	0.0711093231000014	-0.043568128900002	0.0102617584000006	0.0244025048000008	1
0.404392122583063	-8.816975091949717e-07	0.5974929469976897	-0.0383792415433686	0.0414398001491363	-0.0169494455219745	-0.0103621554094734	-3.789229600002964e-05	0.0016193476884378	-0.0495956373000007	0.0448703958000006	0.0346908234000012	-0.169063724800002	-0.0374342282000009	-0.0897220992000023	0.0729114752000015	-0.0471870168000014	0.0156936827000008	0.0177182917000002	1
0.068801970669284	3.9725337299805314e-07	0.9318132488388466	-0.0268423659757959	-0.0008889254818302	-0.0212168744914866	-0.0105574252674104	0.0002329675259571	0.0015222753406164	0.1463665781000032	0.0417638131999999	-0.0388979257000003	-0.1668336801000023	-0.1012898117000025	-0.0901847978000019	0.0746536153000014	-0.050718525300001	0.0210739489000006	0.0109429641999996	1
-0.0965055355627526	-1.7599770855985586e-07	1.096626921645625	-0.0261122370406644	-0.0057409215697671	-0.0518923918436802	-0.010225071823857	0.000423181520157	0.001727713068708	0.0483753260000011	-0.144742850000003	-0.0720676228000008	-0.1914416806000029	-0.0068208019000002	-0.0906289382000023	0.0763343096000009	-0.0541561147000008	0.0263848473000011	0.0041113635999999	1
-0.1439535216785871	7.391254838434936e-08	1.1439486941129435	-0.0504806872436095	0.0302380162602002	-0.0317018276523701	-0.0101720137922129	0.0010942385044042	0.0015311064748186	-0.0494363837000008	-0.0392251568000007	-0.0301973568	-0.2073509062000029	0.0267645100000003	-0.0910544289000023	0.077952174700001	-0.0574934194000007	0.0316088963000014	-0.0027413792000001	1
-0.1315122610832521	-3.0151217111947464e-08	1.1315143348682355	-0.0027971622314704	0.0155258149604707	-0.1573489988426412	-0.011373959166621	-0.0017718730082772	0.001461973141153	0.098088170600002	0.0729879842000009	-0.0035718489999986	-0.3070416128000027	-0.0731958347000021	-0.0914611824000027	0.0795058789000014	-0.0607242596000032	0.0367289002000014	-0.0095800247000012	1
-0.0967605779400378	1.2019699406623892e-08	1.0967597821312558	0.0012429425081154	0.0344029250968289	-0.016317431661608	-0.0126485191604244	-0.001055932901453	0.0015638862133545	0.1176478516000021	-0.0972562184000018	-0.0708487678000005	-0.0712658198999992	0.0382911979000006	-0.0918491150000025	0.0809941435000018	-0.0638426524000026	0.0417280058000018	-0.0163694060000005	1
-0.0608918665647012	-4.6929417054393344e-09	1.0608921629913588	-0.0153505647108708	0.0461075748387866	-0.0294731855485966	-0.0122931829725626	-0.000821009060241	0.001623017810555	-0.0345035235000002	-0.0907294397000023	0.0761016463000021	-0.2498116805000042	0.0115093832999999	-0.0922181468000019	0.0824157435000012	-0.0668428233000008	0.0465897578000012	-0.0230746094000003	1
-0.0336544891883409	1.7967747401282771e-09	1.033654345880866	0.0122749883031764	0.1396151917993696	0.2593536401031143	-0.0162006282370736	-0.001193677506215	0.0018639580205593	-0.0301850649000008	0.1488901587000029	-0.056943515000001	0.2512064706000065	-0.0075823530000005	-0.0925682019000009	0.0837695089000031	-0.0697192167000019	0.0512981531000018	-0.0296611540999996	1
-0.0165966070661059	-6.749518345799237e-10	1.0165967674375893	0.041324051009527	0.2141981735301986	0.4081997695435172	-0.0160287699713976	-0.0022653870375808	0.0012779265267116	0.0072651334999998	0.0300041851000004	0.0167384623	0.4542241668000092	0.108490113700002	-0.0928992083000005	0.0850543252000038	-0.0724665061000011	0.0558376933000016	-0.0360951693999991	1
-0.0073820733238128	2.4868442621186776e-10	1.0073817451572558	0.0526543112979335	-0.0661432142163301	0.2493260141284203	-0.0153077316907573	-0.003608054519685	0.0024600418936384	-0.1079699868000013	0.007934368799999	0.0472589156000008	-0.0274296796000021	-0.0334698142000004	-0.0932110979000015	0.0862691351000021	-0.0750796042999987	0.0601934360000007	-0.0423435690999998	1
-0.0029647441802704	-8.979596450241215e-11	1.0029654969347646	0.0338792243550359	0.002005631267477	0.2352379337397123	-0.0180743041099009	-0.0024610071489511	0.0018039121135142	0.0368385812000005	0.0930017955000014	-0.0083342040999996	0.1254188007000033	0.083543064900002	-0.093503806400002	0.087412938600003	-0.0775536723000015	0.0643510435000018	-0.0483742215000006	1
-0.0010513940586304	3.1695137921397346e-11	1.0010496990334126	-0.0178807939159372	0.1217357643817855	0.2340391168615284	-0.0165038908866219	-0.0018609213431461	0.0009447107664265	-0.0100596968999995	-0.099657918900003	0.0901720583000014	0.0634207585999999	-0.0262150838000008	-0.0937772737000001	0.0884847944000022	-0.0798841287999993	0.0682968306000013	-0.0541561147	1
-0.0002869110702322	-1.091578021927981e-11	1.000290537740596	-0.0107977690279185	0.0407454442815278	0.2101015413272788	-0.0160077938998928	-0.0013228565781068	0.0014080067845961	-0.0837286820000014	0.0953803671000017	-0.1241134390000026	0.0575063405000013	0.0076316974	-0.0940314435000011	0.0894838202000023	-0.0820666583000004	0.0720178090000018	-0.0596595157000002	1
-1.961553319084278e-05	3.6265342004537218e-12	1.0000124638388523	-0.0153831011568871	0.0880093354482075	0.1980648140412887	-0.0175079364629267	-0.0013337505080827	0.0014449387134882	0.0200761480000003	0.0261975628000001	0.0010381585000003	0.0958948888000028	0.0695554651000013	-0.0942662634000014	0.0904091936000028	-0.0840972192000015	0.0755017308000022	-0.0648561241000009	1
1.6426465277520385e-06	-1.166100695775843e-12	1.0000105019778671	-0.0312521757413892	0.1186640125083508	0.1977078596156781	-0.0171379979979996	-0.0005423077062742	0.0013144484034553	-0.0798058680000012	0.0207592388999997	0.0438274544000008	0.0240010262000005	0.0026560158999997	-0.0944816852000006	0.0912601531000023	-0.0859720514000004	0.078737128100002	-0.0697192167000006	1
-5.767191712470363e-07	3.417610103883005e-13	0.9999871239920548	0.0669081378226718	0.0921617533312863	0.2006818540471207	-0.0149643909172181	-0.0002190272868858	0.0018729685996232	0.0508072100000016	0.0700677332000001	0.0189923422000003	0.0313471421000004	-0.0906579170000026	-0.0946776645000007	0.0920359983000025	-0.0876876832000012	0.0817133510000012	-0.0742237856000005	1
2.828046931166256e-07	-1.0266555152537343e-13	0.99998021084005	0.0419928397748814	0.0907959704489407	0.1847090827629667	-0.0148804206147074	0.000478764034882	0.0015811472949579	0.082594801800002	-0.0969006643000025	-0.0537789530000012	0.0456247585000002	0.0287250495000001	-0.0948541610000008	0.0927360906000022	-0.0892409375000008	0.0844206031000016	-0.0783466667000005	1
-1.344607670835112e-07	1.4686778114855596e-14	1.0001764783928424	0.0200257227713383	0.1129555151953707	0.1678814163470462	-0.0154135357964223	0.0010262588072108	0.0017260162486916	-0.079449399500001	-0.0502255557000015	-0.0013340455000001	-0.0431113080000015	0.0649505625000009	-0.0950111383000007	0.093359853600002	-0.0906289382000003	0.0868499729000017	-0.0820666583000004	1
5.94003679519619e-08	-9.606524803732024e-15	0.9996123251686102	-0.0246927250330227	0.0327249855574791	0.2144676442221422	-0.0192702996867909	0.0003368585301508	0.0006403029671284	-0.0139620152999999	0.0884959618000008	0.0106428755000003	0.0187392984000006	-0.0313738974000007	-0.0951485642000012	0.0939067741000025	-0.0918491150000006	0.0889934638000021	-0.0853646308000014	1
-2.5227325060690734e-08	-7.731298453845098e-15	0.9868150810292828	-0.0405909159258657	-0.00747735717974	0.2877304347008523	-0.0240233450490541	0.000793933393032	0.0001400559035336	0.0785980137000019	0.0186642695999989	0.0240475573000003	0.1060539256000014	-0.0649044086000011	-0.0952664105000007	0.0943764019000027	-0.0928992082999997	0.0908440203000021	-0.0882236248000017	1
1.0409102521583249e-08	-5.0860893433147374e-15	0.7739624422191441	-0.0035704368156654	0.0098451280934291	0.2567798785726319	-0.0213533631812785	0.0002887688427179	0.0015232554321772	-0.0051424227999999	-0.0470425218000014	-0.0058665275	0.1120908704000019	0.0611889608000015	-0.0953646527000014	0.0947683504000027	-0.0937772737000008	0.0923955510000021	-0.0906289382000011	1
-4.194842390892303e-09	-6.384697094533456e-15	0.3655131513389593	-0.0040253891383213	0.0196335368621277	0.3326324484128697	-0.0218157252659748	-9.0472296137399e-06	0.0015170810071679	-0.0328968183	-0.0695700610000025	0.1110553908000017	0.1401590209000005	0.0316281543000009	-0.0954432708000008	0.0950822971000027	-0.0944816851999998	0.0936429488000012	-0.0925682019000008	1
1.6626655343692656e-09	-4.935658912390554e-15	0.0467328803743941	0.0147817575126945	-0.0245454972155011	0.2946801574025684	-0.0215288411817248	0.0001792519563832	0.0017901408872213	-0.1210347547000015	0.0783307196000008	-0.0369063596000015	0.0906683204999996	-0.0822180030000018	-0.0955022485000006	0.0953179834000023	-0.0950111383000004	0.0945821078000007	-0.0940314435000004	1
-6.669460540964156e-10	-5.397480002602667e-15	-0.1051904629299422	0.0186613994212209	-0.0247505280934944	0.2519837750255785	-0.0216565055925144	0.0003249607213977	0.0019002408395827	0.0325102869000012	0.0043191801999993	-0.020217407600001	0.0887487997999997	0.0358051602000007	-0.095541573700001	0.0954752155000025	-0.0953646527000013	0.0952099364000007	-0.0950111383000009	1
3.3825231504636117e-10	-4.773959005888173e-15	-0.1438127832626763	0.0107876705870075	0.0390565523322969	0.2978938956828917	-0.0210515964811384	-9.057476624004944e-06	0.0020001283509283	-0.0696476103000003	-0.0190113867000015	0.0753817097000003	0.0636664124999976	0.0279232378000003	-0.0955612383	0.0955538639000022	-0.0955415736999996	0.0955243683000002	-0.0955022485000003	1
