trial_type.viscontrol	trial_type.visaffix	trial_type.visroot	trans_x	trans_y	trans_z	rot_x	rot_y	rot_z	a_comp_cor_00	a_comp_cor_01	a_comp_cor_02	a_comp_cor_03	a_comp_cor_04	cosine00	cosine01	cosine02	cosine03	cosine04	intercept
-5.964636389545999e-06	-1.3963468673153796e-15	-2.3496739337577353e-10	0.0515152291541484	-0.1319076340872866	0.1240238786705363	-0.0021672990562004	-0.0019252966564818	0.0007319146795454	-0.0084288233000002	-0.0166871338000004	0.052027960900001	-0.0825179053000005	-0.0480571328000018	0.0955612383000028	0.095553863900001	0.0955415737000022	0.0955243683000023	0.0955022485000019	1
1.3581998992787566e-05	-9.954942793891556e-16	5.37946296341242e-10	0.0808984453624078	-0.1441856771587036	0.1415814947330311	-0.0015686348481504	-0.0016238466085642	0.0010742303297381	-0.0077358313000002	-0.0030775708999998	0.0522183857000005	-0.0281235749999989	-0.0154288489000007	0.095541573700002	0.0954752155000018	0.095364652700002	0.0952099364000018	0.0950111383000018	1
-2.9485424446964426e-05	-1.4527797861218128e-15	-1.1757522768400255e-09	0.0804785951467009	-0.1328520472422681	0.1290375110164624	-0.0018440736571857	-0.0016229921309016	0.0005290043600796	0.0099178785000004	-0.0497581979000011	0.0391561615000005	-0.1001910324000008	-0.0689898108000022	0.0955022485000023	0.0953179834000015	0.095011138300002	0.0945821078000022	0.094031443500002	1
5.935055063809752e-05	-1.729447260137882e-15	2.399118549458027e-09	0.0645939336832564	-0.0477123344458487	0.1033601319271404	-0.0023121571577885	-0.0017349685028905	0.0004029949940478	-0.0136589408000009	-0.0092630553999998	0.0443675646000004	0.055328571200003	-0.0116204093000003	0.0954432708000028	0.0950822971000012	0.0944816852000021	0.0936429488000016	0.0925682019000016	1
-9.778638857398484e-05	-7.5050960604588965e-16	-4.349584481380745e-09	0.0839821670915639	-0.1581261647476592	0.6316901520124093	-0.0032872255051859	-0.0044412267152494	0.0010327090531997	0.1546060060000054	0.1168952874000025	0.019963803	-0.385770232300007	0.0447487504000004	0.0953646527000008	0.0947683504000044	0.0937772737000012	0.0923955510000018	0.0906289382000025	1
0.0001091929361961	-1.2409478614982074e-15	6.015571075573234e-09	0.1044059692746815	-0.0327856743370348	0.3662174632952565	0.0029540759609023	-0.0041073271293856	0.0014880800282596	0.1052727526000028	0.1322193171000031	0.1153625319000022	-0.1461718551000012	-0.0507285697000012	0.0952664105000019	0.0943764019000028	0.0928992083000014	0.0908440203000016	0.088223624800002	1
-0.0003135868917369	-1.7781607260570116e-15	-1.1083384886682206e-09	0.1352987083783011	-0.0963070194336805	-0.2460707846055074	0.0067468578775115	-0.0029460192617966	0.0022299722286459	-0.0097988819999999	0.0385961580000016	0.0363663910999991	0.1017739283000043	-0.0146138612000003	0.0951485641999987	0.0939067741000027	0.0918491150000017	0.088993463800001	0.085364630800002	1
0.0218099962710699	-1.828719611336347e-15	-3.6244695687200533e-08	0.1079707493483546	0.0762101898877773	-0.2185856008115516	0.0059948156183324	-0.0025281621854494	0.0017900996483275	-0.014911951800001	-0.0254328893000004	0.0123069247999997	0.0168122452000015	-0.0622757115000011	0.0950111383000016	0.093359853600001	0.0906289382000018	0.0868499729000012	0.082066658300002	1
0.2633463207775399	-1.142894062848212e-15	1.976125938274296e-07	0.110174598554864	-0.0309373297668559	-0.204888264922844	0.0054560484314234	-0.0024380245764335	0.001650165850026	-0.0199228712000004	-0.0101426914999999	-0.0002109601000007	0.0576527975000024	0.0044976138000002	0.0948541610000001	0.0927360906000022	0.0892409375000015	0.0844206031000011	0.0783466667000021	1
0.6745824132376166	-1.900061285341876e-15	-7.817929392896917e-07	0.1071394742882756	0.0291098572573974	-0.2053251005165624	0.0047690966687571	-0.0016629295754984	0.0012929729378481	-0.0048348126999999	-0.0238654427000006	-0.0233548919000006	0.0137682728000005	-0.0125738927	0.0946776645000004	0.0920359983000027	0.0876876832000011	0.0817133510000013	0.0742237856000023	1
0.975837111646532	3.4502160662752826e-15	2.713734656573575e-06	0.0815023111715916	0.0187225305204646	-0.1063793760658334	0.0040849292927354	-0.0017108293056415	0.0010669996540468	-0.0043431199999998	-0.0012047989000003	0.0036590190000004	0.0485948092000008	0.0175209847000005	0.0944816852000009	0.0912601531000032	0.0859720514000009	0.0787371281000013	0.0697192167000024	1
1.1129035170166646	-1.2478641091465376e-14	-8.748696267814263e-06	0.0770069286771222	-0.0387490549767475	-0.1995020896318662	0.0050860580213502	-0.0017164551639347	0.0012013752084144	-0.0023211038999991	-0.0226729931000009	-0.0120267419999997	0.0088933474999996	-0.025971126900001	0.0942662633999999	0.0904091936000031	0.0840972192000008	0.0755017308000016	0.0648561241000025	1
1.1447259515137422	3.8906750164846944e-14	2.681418068583371e-05	0.0744277554368166	-0.0059348280735911	-0.1163505308618822	0.0030221033596265	-0.0012030078535601	0.000988820884077	-0.0125748712999998	-0.0057809354000005	0.0023383054000006	0.0547633154000007	-0.0072259935000001	0.094031443500001	0.0894838202000032	0.0820666583000008	0.0720178090000014	0.0596595157000021	1
1.1257919341856557	-1.1551452958669594e-13	-7.9323958992936e-05	0.0616320107676395	-0.0289398329105519	-0.0593279058405207	0.0020614196461707	-0.0012047836208693	0.0006967419555228	-0.0060831956999996	-0.0132711327000007	0.0045993735000007	0.0167082787999998	0.012077763	0.0937772737000012	0.088484794400003	0.0798841288000008	0.0682968306000014	0.0541561147000021	1
1.0892467140933648	3.3365680244332506e-13	0.0002292687179554	0.0546182990132143	-0.0557243764982333	-0.1163265450141062	0.0022310378657948	-0.0011469588414058	0.0009342806508179	-0.0164152608999997	-0.0143389083000006	-0.0068486123999997	0.0420340793000005	-0.0053842880000005	0.0935038064000006	0.0874129386000029	0.0775536723000008	0.0643510435000014	0.0483742215000018	1
1.0554533885357051	-9.415162747819324e-13	-0.0006246571748229	0.0491471266012417	0.0028088561052621	-0.1243648528193423	0.0022309121317556	-0.0010010880005245	0.0008171183620952	-0.0184541513000001	-0.0132815688000007	-0.0163559276999997	0.0243424604999999	0.0197819620000003	0.0932110979000012	0.0862691351000027	0.0750796043000009	0.0601934360000012	0.0423435691000017	1
1.0281138210811904	2.597066404606012e-12	0.001498322635585	0.0424570242469575	-0.0307394248882671	-0.0941920075367359	0.002678265307734	-0.0011383858866777	0.0004610256514949	-0.0103423835999998	-0.0091565212000005	0.0001940688000004	0.0308905911000002	0.0098291033999999	0.0928992083000011	0.0850543252000026	0.0724665061000008	0.0558376933000013	0.0360951694000014	1
1.0154410098812647	-7.024984931711358e-12	-0.0011347453651188	0.0348022396561732	-0.0544353132796121	-0.0472986032760777	0.0009417651636335	-0.0009017243368379	0.000586924986693	0.0017600926000006	-0.0073338668000006	0.0095759692000007	0.0094938915999999	-0.0090533167000006	0.0925682019000011	0.0837695089000026	0.0697192167000008	0.0512981531000013	0.0296611541000014	1
0.8890445245992773	1.8636481464615237e-11	0.1171970514256287	0.0275563673273501	-0.0265626003663753	-0.0091315100351059	0.000133227199719	-0.0010379699247319	0.0004380690485348	-0.0128597909	-0.0057299377000005	0.0027363679000005	0.0304198694000004	0.0012273585999997	0.0922181468000017	0.0824157435000024	0.0668428233000009	0.0465897578000011	0.023074609400001	1
0.5147955507345422	-4.851079351701416e-11	0.4876588200745434	0.0020678488928783	-0.0557878527588546	-0.0028013459958219	0.0001330442557188	-0.0001969703816899	0.0004490131061231	-0.0050895615999993	-0.0118584164000005	-0.0114346094999998	0.0168938265	0.017221916	0.0918491150000012	0.0809941435000023	0.0638426524000009	0.041728005800001	0.0163694060000009	1
0.1394929479153108	1.2378566865298328e-10	0.8613505510048762	-0.0295103500837967	-0.0244902567611402	-0.0103091595478739	0.0001329653157837	0.0005060091610179	0.0001359662931834	-0.0033757203999992	-0.0139773836000004	-0.0149695019999998	0.0276935614000001	0.0075024181	0.0914611824000014	0.0795058789000018	0.0607242596000011	0.0367289002000011	0.0095800247000007	1
-0.0673369423250166	-3.092257205713793e-10	1.0675435273835838	-0.0629514814202288	-0.0464852936858478	0.0052687622244319	-0.0002829876822381	0.0003140115228911	-8.045560127930724e-05	0.000330254100001	-0.0054601766000003	-0.0087788680999995	0.0074018071999995	0.0142227593999999	0.0910544289000016	0.0779521747000014	0.0574934194000012	0.0316088963000012	0.0027413792000005	1
-0.1393651710827725	7.541271316321395e-10	1.1393692876840535	-0.067743208638434	-0.0856849541384442	-0.0283639803146514	1.8039375056736226e-05	0.000569998412123	-0.000138005274695	-0.0154774134999991	-0.0122354944000004	-0.0147877159999998	0.0180140069999998	-0.0180864243000009	0.0906289382000013	0.0763343096000012	0.0541561147000013	0.0263848473000012	-0.0041113635999996	1
-0.1380911357227264	-1.787681752925885e-09	1.1380917249599134	-0.0746501633452545	-0.0369755671659677	-0.0190254171364336	-5.097981052819843e-05	0.0004600022430507	-8.798800875237086e-05	-0.0153641190999994	-0.0112795584000004	-0.0191089049999998	0.0310854492000001	0.0035929092999997	0.0901847978000017	0.074653615300001	0.0507185253000012	0.0210739489000009	-0.0109429641999998	1
-0.1065979227560197	4.089198714726316e-09	1.1065976978922292	-0.0656773974501311	-0.0809502743896794	-0.0103746649980538	-0.0002829871365855	0.0004790070453652	-5.293219540861886e-05	-0.0140555970999992	0.0012438458999999	-0.0293674076000003	0.0237581954	0.0417348097000006	0.089722099200001	0.0729114752000016	0.047187016800001	0.0156936827000007	-0.0177182916999999	1
-0.0696523890670031	-8.926285521657848e-09	1.0696524262378542	-0.0655614896217863	-0.0737965934060447	-0.0379377517788699	-0.0002830028192271	0.0005199982448174	1.2073618484565043e-05	-0.0052143901999989	-0.0126834575000003	-0.0277409019000003	0.0282878224000001	0.0209684273	0.0892409375000008	0.0711093231000014	0.0435681289000009	0.0102617584000006	-0.0244025048	1
-0.0397548725935087	1.8178336838720037e-08	1.0397548700100578	-0.0561491223294016	-0.0497733939302808	0.0220234133594484	-0.001579397561705	0.0007512136453696	-0.0002689064568552	-0.001258574499999	-0.0054333880000002	-0.0167124856999999	0.0160311652999999	0.0001351075999996	0.0887414118000015	0.0692486424000014	0.0398685628000008	0.0047960562000005	-0.0309612306000003	1
-0.0201726998348184	-3.283442616256502e-08	1.0201727173157933	-0.0598180769607668	-0.0714268200657679	0.0443043502032331	-0.0012769839288549	0.0004990358008672	-5.56811051753604e-05	-0.005130361599999	-0.0034641636000001	-0.0266820813000002	0.0064617391999997	0.0230533210000001	0.0882236248000013	0.0673309646000015	0.0360951694000007	-0.0006854329999996	-0.0373607416000004	1
-0.0092124426206337	4.493692936534616e-08	1.0092124068714772	-0.0458169570647728	-0.0614290894680214	0.0263044002755063	-0.0014820087844793	0.0001649157017787	0.0001141221531124	-0.0067270623999992	-0.0059591085000002	-0.0222060756000002	0.0198497504	0.0104458220999999	0.0876876832000013	0.0653578680000015	0.0322549359000006	-0.0061646658999998	-0.0435681289000006	1
-0.0038032577053617	-5.882749815235829e-09	1.0038032588490096	-0.0574107774124286	0.0008923548272296	0.0650714573352072	-0.0018710054502664	0.0001369207293881	8.512825970867415e-05	-0.0082801708999997	-0.0114219906000004	-0.0217811989999998	-0.0025459021000006	0.0070673368	0.0871336971000024	0.0633309768000011	0.0283549738000006	-0.0116236069999999	-0.0495514717000008	1
-0.0013999265728462	-2.833143219072286e-07	1.0014002120852667	-0.0748741949089441	-0.0566761554957941	0.0704057419648046	-0.0012990016719768	1.7012319429442386e-05	-1.898888237794436e-05	-0.0062831730999993	-0.0172779347000007	-0.0138414636999996	-0.0288325943000013	0.0026146754999995	0.0865617806000023	0.0612519591000008	0.0244025048000006	-0.0170442872999997	-0.0552800014000009	1
-0.0004234301419152	1.525206701066482e-06	1.0004219038779798	-0.0281234899665602	-0.0337397022507985	0.0402727226594802	-0.0018169114320598	-0.0002366892505614	0.0007587861179714	-0.0111065590999996	-0.0040789511000002	-0.0171539297	0.0065644571999997	-0.0031019526000001	0.0859720514000018	0.0591225262000014	0.0204048480000003	-0.0224088640000002	-0.0607242596000011	1
-5.664054686408898e-05	-6.007869604591398e-06	1.0000626490288125	-0.0368691149344324	-0.0517064083766034	0.0613250411944785	-0.0018039217289884	-0.0002366150398493	0.0006812874764207	-0.0092386705999995	0.0057421779	-0.0198484372000001	0.0127512331999999	0.0377986645000008	0.0853646308000015	0.0569444308000016	0.0163694060000002	-0.0276996788000004	-0.0658562496000012	1
4.892518224005334e-06	2.080699271287465e-05	0.9999742995347104	-0.0280538788306187	-0.0795012888129356	0.0570602483800537	-0.0016250112882266	3.185363516586108e-05	0.0007960260579342	-0.0120223002999994	-0.0143589880000004	-0.0168809168000001	-0.0053503257000004	-0.0003752469000002	0.0847396439000016	0.0547194656000014	0.0123036518000002	-0.0328993162000004	-0.0706495810000013	1
-1.7376003505923038e-06	-6.715114870939547e-05	1.000068891284832	-0.0201291320669121	-0.0127252466662919	0.0291770346536135	-0.0017907303972315	0.0005397438650324	0.0008459849329863	-0.0015202920999994	0.0024104952	-0.0221001518000002	0.0129685618999999	0.0039453835000001	0.0840972192000014	0.0524494619000015	0.0082151139	-0.0379906609000007	-0.0750796043000013	1
7.043002034714209e-07	0.0002078409658017	0.9997914470268976	-0.0172659219273461	-0.0784783658499187	0.0757616948826429	-0.0019902718641776	0.0006041042515942	0.0009016040708417	-0.0026327415999993	0.0101324049000002	0.0003932742000001	0.0099373604999999	0.0239602956000005	0.0834374889000014	0.0501362882000017	0.0041113635999999	-0.0429569540000008	-0.0791235388000016	1
-2.792267429680968e-07	-0.0005950443955983	1.0005953463858686	-0.0001971139172515	-0.0658618106927098	0.0517797016521222	-0.0020993315591219	0.0006038482230725	0.0010981321898132	-0.0032355946999993	0.0004976077	-0.0184369020000004	0.0145516196000001	0.0142763987000004	0.082760588900001	0.0477818483000019	-2.3377660492203145e-16	-0.0477818483000011	-0.0827605889000016	1
1.0710584059863293e-07	0.0014337870631498	0.9985660401169786	-0.0217651822773767	-0.0131174514201286	0.0167610190947581	-0.0025651865800987	0.0002928860056034	0.0012583761592978	-0.0115368795999998	-0.0074580963000002	-0.0228337784000003	0.0279779998000002	0.0111403240000004	0.0820666583000015	0.0453880801000013	-0.0041113636000002	-0.0524494619000011	-0.0859720514000017	1
-4.1852280250123264e-08	0.0007071186189409	0.9992931081356344	-0.0463891469991891	-0.0486470327541044	0.0245229474221274	-0.0023109725340768	-6.125894099503111e-05	0.0010889289779391	-0.0115783071999995	0.0097394137000002	-0.0305571555000005	0.0163873966999999	0.0297721557000006	0.0813558400000009	0.0429569540000012	-0.0082151139000002	-0.0569444308000011	-0.0887414118000017	1
1.9802312368185232e-08	0.1419571092013069	0.8580423616090989	-0.0547701885590188	-0.0558709451903218	0.009396443661614	-0.0019016116248249	0.000293781873	0.0007552776225394	-0.0058374239999993	-0.0077209022000001	-0.0328815710000007	0.0324371071000004	0.0035038385999998	0.0806282803000006	0.040490470800001	-0.0123036518000002	-0.0612519591000011	-0.0910544289000017	1
-1.7482353142253817e-08	0.5263555193233828	0.4736458733796326	-0.0593659659137416	-0.0051446196399778	0.0096702931341913	-0.0025251846763095	0.0005561648660017	0.0006627073915252	-0.0161704022999999	0.0093896734000002	-0.0398166579000009	0.054855460500001	0.0236201719000006	0.0798841288000009	0.037990660900001	-0.0163694060000002	-0.0653578680000013	-0.0928992083000019	1
2.920531578710382e-08	0.8873065354305935	0.1126897928720498	-0.0832113561255179	-0.0451333541929418	-0.0157814897224865	-0.0025250591383836	0.0002208444149218	0.0005192796933781	-0.0157942792999996	0.0153824412000002	-0.0367307035000008	0.0415520334000007	0.0608591223000013	0.0791235388000004	0.0354595815000009	-0.0204048480000001	-0.0692486424000012	-0.0942662634000017	1
-5.823641328115208e-08	1.0786535412408682	-0.078644018796436	-0.1031999661088338	-0.0624458486541225	0.0186228570318413	-0.0026349924631898	-6.018420839652311e-05	0.0005184203451883	-0.0061155952999991	-0.0090972785000003	-0.0396283379000008	0.0204537912000003	0.0040818036999996	0.0783466667000005	0.0328993162000005	-0.0244025048	-0.072911475200001	-0.0951485642000018	1
1.1054960457380627e-07	1.141437612763631	-0.1414618333137003	-0.1030488841822732	-0.0075063618702415	0.041480286722388	-0.0030180631195126	0.000246845382319	0.0004338728983468	-0.0052793067999995	0.0110708855	-0.0280952035000003	0.0231672868000003	0.0107128217000001	0.0775536723000011	0.0303119720000004	-0.0283549738000001	-0.0763343096000011	-0.0955415737000018	1
-1.751589804198579e-07	1.1360525899442562	-0.1359922494359412	-0.1031080688008658	-0.0572059199466259	0.0220815791895159	-0.0029910598925452	0.0003815997430777	0.0002680700841759	-0.0063500992999993	0.0148407010000002	-0.0247282999000005	0.049635365700001	0.0457017947000008	0.0767447190000003	0.0276996788000006	-0.0322549359000002	-0.0795058789000012	-0.0954432708000018	1
1.4536357219303072e-07	1.103041813141355	-0.1031884881783644	-0.0792359015982537	-0.0442139215432608	0.0088650376505209	-0.0028030926082753	0.0003337715636271	0.000519468282812	-0.0090696063999994	0.0090675752000001	-0.0319927898000007	0.0307582513000005	0.0242080974000004	0.0759199731000003	0.0250645864000007	-0.0360951694000003	-0.0824157435000014	-0.0948541610000017	1
4.629710733873743e-07	1.0668662312673	-0.0665312959764359	-0.0791568633803346	-0.0118578445458865	0.0504968334164871	-0.0035420912417283	0.0003150790995904	0.0005200607965741	-0.0138280245999999	-0.0001927849000002	-0.0184087750000001	0.0253399572000003	-0.0041460882000001	0.0750796043000013	0.0224088640000002	-0.0398685628000004	-0.0850543252000013	-0.0937772737000019	1
-3.4188306032493342e-06	1.0368343458327098	-0.0375447619136688	-0.0877846544448187	-0.0777574391930085	0.0582797826524891	-0.0033316205761179	0.0004226341666988	0.0005202061587403	-0.0182549149999996	0.0095199389000001	-0.038687704600001	0.0269147978000004	0.0345789601000006	0.0742237856000002	0.0197346973000006	-0.0435681289000005	-0.0874129386000015	-0.0922181468000018	1
1.4658161035884808e-05	1.0205152434115077	-0.0188608962906922	-0.0738564434255135	-0.0494123314965839	0.0906168554683529	-0.0032970276050288	8.155396749965936e-05	0.0005741362709866	-0.0020675033999993	-0.0027112420000002	-0.0166197821000002	-0.0065194773000003	-0.0079734202000003	0.0733526932000008	0.0170442873000004	-0.0471870168000006	-0.0894838202000014	-0.0901847978000017	1
-5.3037695493483294e-05	0.9646614624624652	-0.0085344811824791	-0.0404232514485868	-0.0141104232392306	0.1635266697133194	-0.0034891774900889	-0.0004719498666628	0.0014031779038684	0.0009354720000002	0.0119793758000002	-0.0046391764	0.0154331866000003	0.028137409300001	0.0724665061000011	0.0143398485000008	-0.0507185253000009	-0.0912601531000019	-0.0876876832000017	1
0.0001778267557647	0.6685895742163643	-0.0034902164740927	-0.0259418205046843	-0.0730395349888377	0.1792606746755739	-0.0034210330097594	3.402122780780261e-05	0.0014490630233156	0.0126245275000006	-0.0261295229000005	-0.0169512688000007	-0.0403786603000004	-0.0036711729000002	0.0715654069000007	0.0116236070000004	-0.0541561147000009	-0.092736090600002	-0.0847396439000019	1
-0.0005365784735572	0.258648073853183	-0.001268917996034	0.0321470403251721	-0.0372531613096784	0.3075682246041247	-0.0042472102254618	-0.0003517233717352	0.0017527597931383	0.0256864272999999	0.0199733298000005	0.0519310490000006	-0.0596344541000002	-0.0125874919	0.0706495810000022	0.0088977982000001	-0.0574934194000012	-0.0939067741000025	-0.0813558400000022	1
0.0012919111612298	-0.011210067528338	-0.0003719907830392	-0.0204237156539623	-0.0890636638733764	0.1036644589229205	-0.0040993081737355	-0.0003077935882206	0.0013618773865967	0.0006885416999994	0.0076739267000006	0.0100908866999987	0.0184226508000019	0.0053691711999996	0.0697192167000002	0.0061646658999991	-0.0607242596000011	-0.0947683504000026	-0.0775536723000022	1
0.0027115421995353	-0.1246201687477344	-4.148157420229344e-05	-0.0215147941700452	0.0173077169551309	0.071567978764761	-0.0039011435386329	-0.0004497090676337	0.0016441277393836	-0.0016124645000012	-0.0037180871999996	-0.0007465886000012	0.0190744800000018	-0.0043796398000002	0.068774505600001	0.0034264594999985	-0.0638426524000012	-0.0953179834000027	-0.0733526932000021	1
0.1611377784157709	-0.1438211042964245	3.880124372681161e-06	-0.0281351007798777	-0.0400882190652544	0.1209833130587433	-0.0044479032999255	-0.0001397473129387	0.0016841936832272	-0.0027312194000009	0.0081423844000005	-0.0052640120000013	0.0057386133000014	0.017034734	0.0678156420000005	0.0006854329999989	-0.0668428233000014	-0.0955538639000026	-0.0687745056000019	1
0.5537790531088761	-0.1196767407151807	-1.3669273474453697e-06	-0.0395186289877785	-0.0013995927595831	0.1239742705616164	-0.0050972317218245	0.0002527289935927	0.0016776584933247	0.0061821242999995	-0.0062220427000001	-0.017520093800001	0.0016835544000004	0.0015279240999996	0.0668428233000006	-0.0020561578000006	-0.0697192167000017	-0.0954752155000024	-0.0638426524000014	1
0.9049476573984432	-0.082677525325771	5.744163827671371e-07	0.00433553967605	-0.0028472238423661	0.2096454205505985	-0.0043398902873246	-0.0001398526316843	0.0017757048388666	0.0138642105999998	0.0083893087999999	0.0118453802000003	-0.034515126400001	0.0211587630000004	0.0658562496000011	-0.0047960561999996	-0.0724665061000021	-0.0950822971000023	-0.058582495100001	1
1.08596746079396	-0.0494530015622716	-2.3790577696985047e-07	0.0105349642556699	-0.0242776104898331	0.191430888563187	-0.0046203733849902	-0.0001640046950362	0.0017331322479145	0.0140209638000002	-0.0194292017000008	0.0063637929000003	-0.0299662832000013	-0.0206132941000007	0.0648561241000009	-0.0075320069999993	-0.0750796043000023	-0.0943764019000021	-0.0530210836000008	1
1.1426076916673806	-0.0261127879223378	9.525972582042588e-08	0.0119447608335304	-0.0450422532626089	0.2703992842971246	-0.0072049118740366	-0.0002181344342929	0.0014247354623372	0.0135883181000003	0.0063691837999997	0.0132993768000005	-0.0421479393000016	-0.0133455185000005	0.0638426524000009	-0.010261758399999	-0.0775536723000024	-0.0933598536000021	-0.0471870168000007	1
1.134433107011166	-0.0124597033540542	-3.924901468665991e-08	0.0228847755894621	-0.0059350430937145	0.2271124903219404	-0.0059570194495774	-3.224727231462713e-05	0.0014259146616337	0.0094179224	0.0141147407999999	0.0094498325000004	-0.0175883745000011	0.0045370684000001	0.0628160431000007	-0.012983063599999	-0.0798841288000025	-0.0920359983000023	-0.0411102958000004	1
1.1005628888534518	-0.0051329993782892	2.0715341936065963e-08	0.0424123187303294	-0.0621879860686372	0.2124791681628411	-0.0054099026301901	-0.0008798479373348	0.0014201324272422	-0.0019825908	-0.0038082643000003	0.0132165006000003	-0.019199375800001	-0.0221428059000006	0.0617765075000003	-0.015693682699999	-0.0820666583000025	-0.0904091936000022	-0.0348221695000004	1
1.0647642307003466	-0.0024606890906093	-2.194679979399675e-08	0.0349146371673768	0.0193636455983611	0.1359738406150062	-0.0053641845509052	-0.0009070404742156	0.0018765813686214	-0.0076855279000006	-0.0022649465000003	0.0100128514000004	0.0065811067999993	-0.0085478714	0.0607242596000007	-0.0183913845999995	-0.0840972192000026	-0.0884847944000022	-0.0283549738000002	1
1.035099634361405	0.0002449651608427	4.20770288972876e-08	0.0230715017668939	-0.0456729377075227	0.2122003518317233	-0.0059828479728112	-0.0002211524037628	0.0017218545905962	0.0018649086999999	0.0191176621000002	0.0206351815000004	0.0023518909999994	0.0042427608	0.0596595157000001	-0.0210739488999993	-0.0859720514000026	-0.0862691351000021	-0.0217419657000001	1
1.0200015876945656	-0.0021775229476993	-9.400876567771465e-08	0.0171398151206865	-0.01326819782868	0.1369199376517799	-0.0053510530434865	-0.0005729785477707	0.001671982105584	0.0108326530000002	-0.0183941981000006	0.0039051377000001	-0.0040961308000008	-0.0410353477000011	0.0585824950999998	-0.0237391676999998	-0.0876876832000026	-0.083769508900002	-0.0150171518999998	1
0.9540276506911176	0.0540528119634251	2.082245743920182e-07	0.0267176612110818	0.0118910667378316	0.2544751497970571	-0.0063311841829562	-0.0003452689087088	0.0021369252548809	0.0034587672999996	0.0177728575000001	0.0220157490000006	0.0035180757999994	-0.0006570801999997	0.0574934194000006	-0.0263848472999996	-0.0892409375000026	-0.080994143500002	-0.0082151138999998	1
0.6416863263742228	0.3615929349962415	-4.370259110606783e-07	0.0221882201631025	-0.0398963545363533	0.2102281122894544	-0.0058196860760915	-0.0003219077870405	0.0022015822104823	0.0043689137000002	-0.0252490720000006	0.0041454588	-0.0115571517000008	-0.0295827106000006	0.0563925125999998	-0.0290088100999998	-0.0906289382000023	-0.0779521747000018	-0.0013708305999996	1
0.235549127293473	0.7656324582125382	8.344847911785755e-07	0.0007742920346354	0.0174218373222037	0.3652224146286023	-0.0067929616380921	-0.0005968037814594	0.0020009958592898	0.0076633924	0.0047270190999998	0.0344910570000013	-0.0580510438000019	-0.0178958381999999	0.0552800014000016	-0.0316088963000002	-0.091849115000002	-0.0746536153000015	0.0054805020000003	1
-0.0227400101801012	1.023078900477238	-1.315367771466944e-06	-0.019634336025888	-0.0709083345450957	0.3491254037569841	-0.0070991390676552	-0.000499003273235	0.0016892526449512	0.017117120900001	-0.0080996303000002	0.0264069914000007	-0.0449020599000014	-0.0215204948000003	0.0541561147000002	-0.0341829659000001	-0.0928992083000018	-0.0711093231000012	0.0123036518000006	1
-0.1280944777976475	1.128125604690994	1.054978523113469e-06	-0.0174811929020676	-0.0432329577853922	0.3153742668218605	-0.0071452614544872	-0.0009217484533042	0.0017452289474521	0.0142952001000009	0.0078144771000001	0.0328790981000009	-0.0368631569000013	-0.0168848761	0.0530210836000002	-0.0367289002000002	-0.0937772737000018	-0.0673309646000012	0.0190635313000007	1
-0.1431539881455541	1.1431472632217028	3.6599463761674232e-06	-0.0174984280102844	-0.0607472062132933	0.3954358615872433	-0.008787084294359	-0.0006531841742891	0.0016321615013374	0.0206618282000011	0.0032040525000001	0.0314062755000007	-0.0097071146000005	0.0030320511000004	0.0518751419	-0.0392446036999999	-0.0944816852000018	-0.0633309768000012	0.0257253786000008	1
-0.1174189595371747	1.117446621695826	-2.6586448701408537e-05	0.0040821243917578	-0.0649719201250893	0.3284925447763796	-0.0081211040290236	-0.0007408682001933	0.0013190153383386	0.0067961020000007	-0.0067977970000001	0.0271487670000006	-0.027126068600001	-0.0212741466000001	0.0507185252999999	-0.0417280058000001	-0.0950111383000019	-0.0591225262000011	0.032254935900001	1
-0.0802889848099006	1.0801713357480505	0.0001171778601916	0.0128542416939869	-0.0189989989487028	0.3443150921628285	-0.0087910019455505	-0.0001823210499355	0.0013237267200356	0.0019848990000003	-0.0066905312000001	0.0311647121000009	-0.025582784800001	-0.0390110729000003	0.0495514717000005	-0.0441770624000003	-0.0953646527000018	-0.054719465600001	0.0386186257000011	1
-0.0476057951078659	1.0480103375565528	-0.0004043275128882	0.0012824774687066	-0.0165806725734537	0.3726510334378313	-0.0093241678368193	-0.0006602276500295	0.0014399530450449	-0.0035031229999999	0.0007986633999999	0.031528430700001	-0.021914379900001	-0.0170648815999998	0.0483742215000007	-0.0465897578000005	-0.0955415737000019	-0.0501362882000009	0.0447837232000012	1
-0.024981907864438	1.0240218064068765	0.0009599702303868	-0.003293538414013	-0.0519343321679887	0.3469101015852781	-0.0088089919516858	-0.0001923282633757	0.0013236778119927	0.0021407390000005	-0.0193053212000004	0.0172119472000004	-0.0149085899000008	-0.0188812452000001	0.0471870167999999	-0.0489641061000005	-0.0955415737000019	-0.0453880801000008	0.0507185253000014	1
-0.011761766493294	1.005098738939674	0.0066632153412309	0.0013866687853154	-0.0312078775341432	0.3341086319998239	-0.0088700140254696	-0.0007443168619343	0.001646230890574	0.0073128829000006	0.0025633870000001	0.0280464024000007	-0.0064190271000006	-0.0185216764	0.0459901019999998	-0.0512981531000005	-0.0953646527000019	-0.0404904708000007	0.0563925126000016	1
-0.005005614715339	0.8149870693579675	0.1900180646276078	-0.0011822932991944	-0.0509851947986281	0.3619673689283882	-0.0090401470151235	-0.0005780507755802	0.0016679236948947	0.0143578035000008	-0.0057947995000001	0.0303578645000008	-0.0230661180000011	-0.0166363896000001	0.0447837231999997	-0.0535899776000006	-0.0950111383000019	-0.0354595815000005	0.0617765075000017	1
-0.0019129644733576	0.4102599705306859	0.5916543653466149	0.0086209919424937	-0.0428617013381543	0.3625157955832908	-0.0093541010512583	-4.899308417698734e-05	0.0018153135953166	-0.0026783947999997	0.0017618618000001	0.0317731053000008	-0.0099103682000009	-0.0291431094000003	0.0435681289000001	-0.0558376933000008	-0.0944816852000021	-0.0303119720000005	0.0668428233000018	1
-0.0006263748201198	0.0723505621249968	0.9282719244605804	0.0250289441307115	-0.0254618087954411	0.3306796266555658	-0.0088701480350848	-0.0005043462107718	0.0018797977586538	-0.0042427567999998	-0.0111574297	0.0206601255000004	0.0185257524999995	-0.0260502567000001	0.0423435690999997	-0.0580394502000008	-0.0937772737000023	-0.0250645864000007	0.0715654069000019	1
-0.0001253830170234	-0.0951301761974881	1.0952663621083512	0.0319672682654767	-0.0383006745634304	0.384415229395287	-0.0094120628948428	-8.365700710973464e-05	0.0021581554004945	-0.00980189	-0.0077585304	0.035090357300001	-0.0246452878000015	-0.0310634826000003	0.0411102958000005	-0.060193436000001	-0.0928992083000022	-0.0197346973000004	0.0759199731000019	1
4.620576057273659e-06	-0.143816593720456	1.1437825603986576	0.0069612615869386	-0.0109949807402783	0.4763028259392424	-0.0100510977970962	-0.0005929068109365	0.001968074637361	0.0089823324000003	-0.0053909413000001	0.0390241037000013	-0.0370527275000019	-0.0382723877000006	0.0398685628000009	-0.0622978778000013	-0.0918491150000021	-0.0143398485000002	0.0798841288000019	1
-2.045258955053864e-06	-0.1319144315916184	1.131995092040593	-0.0159807539246364	-0.0285032277281518	0.4314545195900331	-0.0097202213813862	-0.0005128485674938	0.0017150538391402	0.0045302268000003	0.0030968994000001	0.0340822975000011	-0.0121941190000013	-0.0153568480000002	0.0386186257000004	-0.0643510435000015	-0.0906289382000021	-0.0088977982	0.0834374889000021	1
7.762742627343724e-07	-0.0972947402960074	1.0970877632281302	0.0287889923042298	-0.0804329455663159	0.4504941082789882	-0.0093674323239213	0.0003666499710276	0.0015702485914492	0.0015416998000004	-0.0162222937000001	0.0337917331000008	0.0007546945999992	-0.0226923808000003	0.0373607415999998	-0.0663512432000009	-0.0892409375000022	-0.0034264595000001	0.0865617806000021	1
-2.688776870090913e-07	-0.0613521188481674	1.0618668084365477	0.0150160661868889	-0.0033049846852432	0.3240484534944406	-0.0082022606828481	-0.0003427759745765	0.0020161310153383	-0.0123098482000001	-0.0079271168	0.0316896114000009	0.0112667448999991	-0.0592989716000011	0.0360951694000002	-0.0682968306000017	-0.087687683200002	0.0020561578000001	0.0892409375000022	1
8.655629010768297e-08	-0.033960640631572	1.0327739617466705	0.0021023461292636	-0.0262999133429674	0.37291332389968	-0.0089952757467867	0.0001720004726346	0.0016683113737109	-0.0115325877000001	-0.0011741950999998	0.0249623810000007	0.0215467025999994	-0.0156969326000001	0.0348221695	-0.0701862042000016	-0.085972051400002	0.0075320070000001	0.0914611824000023	1
-2.64869018648546e-08	-0.0167815691104993	1.0191126155945691	0.0027052285826557	-0.0365881944646987	0.3151288813353256	-0.0077794987269941	-0.0001103866756493	0.0016410933824793	-0.0063166949999996	-0.0134965149000001	0.0178298266000006	-0.0021762789000011	-0.045052340600001	0.0335420037999995	-0.0720178090000018	-0.0840972192000019	0.0129830636000004	0.0932110979000025	1
7.485618130420332e-09	-0.0074753562354319	0.9370551216192098	0.0267334259703639	-0.0161460663317	0.3010596492871109	-0.0077794805137384	-0.0001341249406191	0.0015740072498161	0.0011472631000003	-0.0054705107999997	0.0179714510000002	0.0460446931000003	-0.0277684606000003	0.032254935899999	-0.0737901375000015	-0.0820666583000019	0.0183913846000002	0.0944816852000025	1
-1.820433881108177e-09	-0.0029460686694476	0.6033514878766617	0.0658377680670283	-0.0080187835690989	0.3588240167203758	-0.0091191990141455	-0.000513241090086	0.0016956934247967	-0.0176795098000007	0.0051402459000005	0.0129725277999997	0.0244617516000005	-0.0426860830000006	0.0309612305999995	-0.0755017308000017	-0.0798841288000018	0.0237391677	0.0952664105000021	1
2.9270337712837643e-10	-0.0013405220102148	0.2044908344336099	0.0799048939187805	-0.0296577895136636	0.1809935309898513	-0.0065389631511407	-0.000104945704066	0.001665672566023	-0.0032010563000004	0.001929731900001	-0.0077897807000019	0.1009070442000032	-0.0151891290000001	0.0296611540999971	-0.0771511802000018	-0.0775536723000018	0.0290088100999996	0.0955612383000021	1
4.231830437331543e-11	0.0003351533128472	-0.0377324900141468	0.0372409009830647	-0.0288469468668931	0.4198074969782927	-0.0096819054491609	-0.000292678047534	0.0016871212422521	0.0544613236000015	0.058647773300002	-0.0435554812000027	-0.0883566525000005	-0.0231360988000009	0.028354973799997	-0.0787371281000017	-0.0750796043000017	0.0341829659	0.0953646527000022	1
-7.751501727776379e-11	0.010385883145859	-0.1322913453860583	0.0356543618156322	0.0521867673005264	0.7256784981214531	-0.0121013688261182	-0.002080827945971	0.0013639645690437	-0.006895936800002	0.0183994895000007	0.0133261946999996	-0.0811438537000005	0.0071638286000004	0.0270429587000024	-0.0802582690000032	-0.0724665061000012	0.0392446037000001	0.0946776645000013	1
6.439326581294415e-11	0.2119430443621012	-0.1419248219482184	0.0457724520295257	-0.046294985535782	0.711778204820944	-0.0116563319066275	-0.0020439331569442	0.001434136857791	0.0140192195999993	-0.0064496008999994	0.0057394587999988	0.0003733605000015	0.0180977003000004	0.0257253786000002	-0.081713351000002	-0.0697192167000013	0.0441770624000001	0.0935038064000014	1
-7.465542398066079e-11	0.618269818871467	-0.1141873171141356	0.0169453776595679	0.0028511400722802	0.6422711859378996	-0.0119491845060262	-0.0027349027591872	0.001556220170656	-0.0006227823000005	0.0017439251000002	0.0125799934	-0.0336920697000003	-0.0144087239000001	0.0244025048000011	-0.0831011765000023	-0.066842823300001	0.0489641061000009	0.0918491150000017	1
1.5667406704551167e-10	0.9440700162587716	-0.0769729340690787	-0.0004005510556901	-0.0419035278150102	0.6970549683623923	-0.0121665845205857	-0.0025568898219713	0.0013630015838224	0.0038599586000001	0.0084819459000004	0.0046481595	-0.0018333024999999	0.0303497033000009	0.0230746094000004	-0.0844206031000014	-0.063842652400001	0.0535899776000012	0.0897220992000018	1
-4.1983101507365564e-10	1.101330014619929	-0.0451158660827295	0.0041393710619674	-0.0488712045698076	0.6106346158876315	-0.0108679015568673	-0.001834320597798	0.0019810970146107	-0.0040241826999997	-0.0122862237000002	0.0105364468000005	-0.0133940460000007	-0.0066488276999999	0.0217419657000004	-0.0856705448000016	-0.0607242596000009	0.0580394502000016	0.087133697100002	1
1.1642450121357955e-09	1.1443232218094617	-0.0233945798890844	0.0025051141894904	0.0018810038234413	0.7536784996291583	-0.0127229965564071	-0.0023818624585388	0.0020059325579966	-0.0034620167	0.0085529899000002	-0.0096713493999998	-0.0059968357000004	0.0345942710000014	0.020404848000001	-0.0868499729000011	-0.0574934194000009	0.0622978778000015	0.0840972192000018	1
-3.1912645382219872e-09	1.1301338130304144	-0.011008622991015	-0.0130759709670223	-0.0541750752619963	0.7200817709864943	-0.0123641816321361	-0.0018660157214084	0.0017705329652628	0.0037443705000006	-0.0027175979999999	-0.0174603374000001	-0.0178658776000007	0.0335838245000009	0.0190635313000002	-0.0879579165000012	-0.0541561147000007	0.0663512432000018	0.0806282803000018	1
8.589146857819371e-09	1.0946107051858924	-0.0043840764693	-0.0061783287722357	-0.0216994645079761	0.6633520281745554	-0.0117665077584956	-0.0018736801279261	0.0018890515290954	0.0038759310000005	0.0047323325000001	-0.0078361266999999	-0.0057821983000004	0.0167487325000006	0.0177182917000003	-0.0889934638000015	-0.0507185253000007	0.0701862042000018	0.0767447190000018	1
-2.26856346881745e-08	1.059829376947662	-0.0023136154966037	-0.0122507847631528	-0.0485945551447475	0.8477605342985421	-0.012886104882797	-0.0020820111307218	0.0016951572513744	-0.0062384569999999	0.0196037607000005	-0.0213273967000004	-0.0146259109000003	0.036868916700001	0.0163694060000008	-0.0899557625000012	-0.0471870168000006	0.0737901375000018	0.0724665061000013	1
5.878298298846447e-08	1.0312077499210714	0.0007840852377942	0.0314160836259856	-0.0710451034889576	0.7588326799570368	-0.0122181114733365	-0.0014929165521412	0.0022689749353104	-0.0051441394999997	-0.0018423508999997	-0.0150819084000004	0.0065936501000003	0.0257329756000009	0.0150171519000001	-0.0908440203000009	-0.0435681289000006	0.0771511802000017	0.0678156420000012	1
-1.493057348225765e-07	1.018268941332667	-0.002405386702979	-0.0002281237933192	0.0018958869870848	0.7452735411233371	-0.012242251465255	-0.0019640321201469	0.0016265386279901	-0.0047127355000001	0.0033227882000002	-0.0216644416000003	0.0104854398000002	0.0358786793000012	0.0136618075000008	-0.0916575064000015	-0.0398685628000004	0.0802582690000018	0.0628160431000012	1
3.710790879613614e-07	0.9234026424992976	0.0836672604568119	-0.0119658837306949	-0.0470843292156804	0.7616175432844855	-0.0123153583687824	-0.0018589595214355	0.0016051120756658	0.0019879365000003	0.0103579584000004	-0.0274971977000006	0.0047079783000001	0.0535692654000013	0.0123036518000001	-0.0923955510000014	-0.0360951694000004	0.0831011765000019	0.0574934194000011	1
-8.997700598584635e-07	0.5756468413880321	0.4271736405905457	-0.031968545923021	-0.0192843716843228	0.6755745460329604	-0.0115980898450954	-0.0023190552136308	0.0014611040074818	-0.0008162584999997	0.0037843995000001	-0.0174542862000002	0.0047646901999998	0.0151282362000002	0.0109429642000005	-0.0930575468000023	-0.0322549359000002	0.0856705448000022	0.0518751419000009	1
2.1182191382818245e-06	0.1831828356325478	0.8178086728695346	-0.0195855735148157	0.0109016919788576	0.7663557149271149	-0.013061235013646	-0.0024532099821	0.0017760606178931	0.0028315649	0.0059435900000003	-0.0263816651000004	0.0173623129000001	0.0447822426000011	0.0095800247000009	-0.093642948800002	-0.0283549738000003	0.0879579165000019	0.0459901020000007	1
-4.80303941954242e-06	-0.0477274787103419	1.047996113566873	-0.0150801015373203	-0.041953371429033	0.7782490769429553	-0.0127486908224704	-0.0019738537115636	0.0016899912238601	0.0126875346000007	0.0012757410000003	-0.0369476236000008	0.0021417727999998	0.0398358370000007	0.0082151139000001	-0.0941512753000017	-0.0244025048000004	0.089955762500002	0.0398685628000006	1
1.0349674806695431e-05	-0.1348841129241132	1.134888517434256	-0.0087992380108211	0.0025051942419749	0.8151165833828025	-0.0130102417866432	-0.0025349780606199	0.0016710903252566	0.0076244921000002	0.0178941816000007	-0.0387613092000008	0.0163661105000002	0.0508214207000012	0.0068485126000006	-0.0945821078000017	-0.0204048480000004	0.0916575064000018	0.0335420038000004	1
-2.0668855948963e-05	-0.1408693972708345	1.1408890414278376	0.0152282697081905	-0.0465225615626555	0.7826641001184951	-0.0128010001674984	-0.0019410282100581	0.0019441562630849	-0.0014179954999997	0.0108968665000006	-0.0305760935000008	0.0214501635000004	0.0495560240000011	0.0054805020000002	-0.0949350916000014	-0.0163694060000003	0.0930575468000018	0.0270429587000002	1
3.575255517031535e-05	-0.1118315917417134	1.1117961961227587	-0.0045303940511147	-0.0408340230951599	0.7149082823959524	-0.011296508052597	-0.0021000691839339	0.0016811913517281	-0.0078841403999999	-0.0017165903999997	-0.0299011635000006	0.0038595569999998	0.0342061898000006	0.0041113636000005	-0.0952099364000021	-0.0123036518000001	0.0941512753000021	0.0204048480000001	1
-3.681188463424072e-05	-0.0746443010204944	1.0746809147856131	-0.0082833055648012	-0.0207514325745436	0.6642066130780359	-0.0112933183817173	-0.0028139583486847	0.0013921578152249	-0.0098271954	0.0056152098000003	-0.0219041519000003	0.0134341724	0.0188134723000002	0.0027413792000005	-0.0954064159000023	-0.0082151138999999	0.0949350916000022	0.0136618075	1
-4.059434522876322e-05	-0.0433759462765758	1.0434166432674807	0.0100500681250697	-0.0011665735149801	0.7619268659270233	-0.0126071675622887	-0.0024156551037426	0.0018328479699423	-0.0060393327000001	0.0190520420000007	-0.0189490678000004	0.0303096356000006	0.0469471794000012	0.0013708306000008	-0.0955243683000018	-0.0041113635999999	0.0954064159000019	0.0068485125999996	1
5.159580867115593e-05	-0.022361813424305	1.0223101697397652	-0.0030695038144002	-0.0316246887954625	0.7223316159845572	-0.0127199274764043	-0.002360924688826	0.0016240593675956	0.0037906007000004	-0.0085116472999998	-0.0451773840000012	0.0245823200000005	0.0429388595000008	2.831472536940093e-18	-0.0955636965000018	1.6235338147733726e-16	0.095563696500002	-3.4560455657784073e-16	1
0.017190200913701	-0.0103606562584803	0.9931704764427884	0.009467716060046	0.0262222305294546	0.7444403539961673	-0.0126142903985222	-0.0027129533965281	0.0018779728735249	0.0035315888	0.0056353999000004	-0.0350211560000008	0.0256713994000005	0.0484124480000012	-0.0013708305999993	-0.0955243683000017	0.0041113636000001	0.0954064159000019	-0.0068485126000005	1
0.2444205955773227	-0.0043396492463871	0.7599190446604935	0.018777220861965	-0.0358909625538663	0.7281860301750799	-0.0124850873151118	-0.0025049379863939	0.0018159398174536	-0.0052545405999999	0.0055839957000003	-0.0330532507000009	0.0110051039000003	0.0423830673000007	-0.0027413791999996	-0.0954064159000016	0.0082151139000002	0.094935091600002	-0.0136618075000007	1
0.6546837049746473	-0.0016280539102596	0.3469443526259966	-0.0119189547010583	-0.0270498002531689	0.6614325347676109	-0.0118656598877917	-0.0028945749665494	0.0018478997902963	-0.0234801207000007	-0.0041194939	-0.0311826992000007	0.0327733672000006	0.0361468995000002	-0.0041113635999993	-0.0952099364000023	0.0123036518000003	0.0941512753000022	-0.0204048480000008	1
0.9648405925032104	-0.0005097612763395	0.0356691672547523	0.0063455345827077	0.013246026518514	0.7003936202145674	-0.0125306397513158	-0.0032440254376861	0.0019787637123351	-0.0129309772000007	0.003083154	-0.0381214281000008	0.0228149086000006	0.0355423420000003	-0.0054805019999992	-0.094935091600002	0.0163694060000002	0.093057546800002	-0.027042958700001	1
1.1090057932055184	-9.535391281581596e-05	-0.1089104387295113	0.0114748042064304	-0.0154845686943641	0.7361682584904771	-0.0124753842385871	-0.0033859265331594	0.0020499714680353	0.0010703138999998	0.0031016128	-0.0435733112000011	0.0078930826000004	0.0378463042000001	-0.0068485125999998	-0.0945821078000016	0.0204048480000002	0.0916575064000019	-0.0335420038000011	1
1.144704848126438	3.454800079693412e-05	-0.1447393963817255	0.0259874703779577	0.0271609992208945	0.7524104737907865	-0.0131012686637655	-0.0026686680964127	0.0016100915877787	0.0090867832999998	0.0009760947999999	-0.0434111116000011	0.0149184734000007	0.0391939269000004	-0.0082151138999996	-0.0941512753000014	0.0244025048000002	0.0899557625000017	-0.0398685628000012	1
1.1273928806467255	-8.478480792502279e-05	-0.1273080957735281	-0.0212669240695494	-0.1320743629179525	0.8957968988121906	-0.0101527893182867	-0.0075399789470473	0.0005342528001728	0.0215292517000011	0.0185125284000005	-0.0484092352000017	-0.0020581680999994	0.1067715350000012	-0.009580024700001	-0.0936429488000009	0.0283549738000003	0.0879579165000017	-0.0459901020000013	1
1.0911606072519164	0.0002331577470651	-0.0913937650533808	0.0887407243089782	0.016733268530486	0.4116078236078498	-0.0061769139677397	-0.0025661836712747	0.0016680930619004	-0.0095354484000004	-0.0551380286000012	-0.0244307357000006	0.0267198142000006	0.0025639862999996	-0.0109429642000005	-0.0930575468000017	0.0322549359000003	0.0856705448000016	-0.0518751419000011	1
1.057011950566631	-0.0006188881002444	-0.0563930624759442	0.1021390172297761	0.0867061491721873	0.3720551461521045	-0.0070247659740838	-0.0012349109201425	0.0021056934453031	-0.0394558587000017	0.0123339432000002	-0.0035461313	0.0563227540000014	-0.0297575762000006	-0.0123036517999997	-0.0923955510000019	0.0360951694000004	0.0831011765000015	-0.0574934194000014	1
1.029166476699713	0.0014750922737387	-0.0306415690043997	0.0523490514817987	0.0244787332508863	0.4685284610142986	-0.0086538882358255	-0.0014310214355932	0.0017318413024135	-0.0083233889000003	-0.042620858700001	-0.0316865636000008	0.0205256815000006	-0.0377900902000015	-0.0136618075000004	-0.0916575064000019	0.0398685628000006	0.0802582690000018	-0.0628160431000015	1
1.0166438701966851	-0.0017601878947573	-0.0148836823190781	0.0377466897480647	0.1202787520814603	0.8014624593944837	-0.0096481154817895	-0.004343698859697	0.0018821039051276	0.0423870355000008	0.0320943655000009	-0.0969844981000026	-0.0103678876999996	0.0977571234000023	-0.015017151900001	-0.0908440203000001	0.0435681289000003	0.0771511802000009	-0.0678156420000016	1
0.902066196995774	0.1044600311664046	-0.0065262282047378	0.129040882503093	0.1489207674447373	0.1432665457778456	0.0076852886345581	-0.0044701335384707	0.0014182053911378	-0.0074022388000005	-0.0106372511999998	-0.022288003300001	0.1197016766000029	-0.0211951136000001	-0.0163694060000024	-0.0899557625000014	0.0471870168000004	0.0737901375000007	-0.0724665061000011	1
0.5366242631719726	0.4659579255323214	-0.0025821886824857	0.1162538604195634	0.159987388068247	0.1894496225267493	0.0036980815811667	-0.0029549340049349	0.0013969712216833	0.0002827808999999	0.0074614685000004	-0.0117757025000006	0.0861871673000023	-0.0736043792000013	-0.0177182917000021	-0.0889934638000015	0.0507185253000008	0.0701862042000009	-0.0767447190000014	1
0.1547346386272367	0.8461573521532846	-0.0008919909108901	0.1334754655274557	0.139895041172638	0.1308663120955751	0.0023649081376383	-0.0026413040626279	0.0014391262466566	-0.0249836911000005	0.0088413046000008	-0.0261582563000013	0.1322427771000036	-0.0439317579000002	-0.0190635313000028	-0.087957916500001	0.0541561147000011	0.0663512432000007	-0.0806282803000015	1
-0.0606198457376299	1.0608529747425532	-0.0002331287630323	0.1145258334377402	0.1034161704286034	0.2641008286374938	0.0008050404664835	-0.0022609578904171	0.0013609108290921	-0.0252524201000003	-0.0107009487999998	-0.0078843486000005	0.0508044998000016	-0.0621860656000008	-0.0204048480000014	-0.0868499729000013	0.0574934194000014	0.062297877800001	-0.0840972192000017	1
-0.137930421701527	1.1379216725274974	8.748515076586636e-06	0.0880884309471825	0.1690638371031121	0.3856885699892115	-0.0007638592811083	-0.0034071045416192	0.0015522070445937	-0.0196835985000006	-0.0167809283000002	-0.0015201964999998	0.0171361288000007	-0.0673812953000007	-0.0217419656999999	-0.0856705448000018	0.0607242596000017	0.0580394502000011	-0.087133697100002	1
-0.1391597995087872	1.139196420097763	-3.661916351771975e-05	0.1053441843563852	0.0886277069076592	0.4768423525184155	-0.0032827767201779	-0.0033122328030203	0.0019580742874747	-0.0102665829	-0.0164155891000001	0.0031750157	-0.0094983721999996	-0.0200089825999996	-0.0230746094000005	-0.0844206031000009	0.0638426524000016	0.0535899776000009	-0.0897220992000021	1
-0.1084879136226503	1.1084092983813465	7.861204404618536e-05	0.0985081971534093	0.1058776418738045	0.4978383674282423	-0.0039289118528798	-0.0035399813459172	0.001759057580755	0.0003286450000001	-0.0058586789999998	0.0109128424000001	-0.0020439674999994	-0.0179994236999996	-0.0244025048000006	-0.0831011765000008	0.0668428233000016	0.0489641061000008	-0.091849115000002	1
-0.0714245993243081	1.0715729048638123	-0.0001482991338717	0.0854558109572018	0.1243049157707372	0.5147172983483567	-0.0065148950849829	-0.0034710132017511	0.0018312146499482	-0.0001216896999998	-0.0057755921999998	-0.0027625237000002	0.0205385533000011	-0.0045952309999992	-0.0257253786000008	-0.0817133510000007	0.0697192167000017	0.0441770624000006	-0.0935038064000022	1
-0.0410278572911438	1.0407927740230174	0.0002350717029047	0.0896510828374079	0.0566226814606524	0.4977138385481351	-0.0070412114618716	-0.0030937202225112	0.0021796416142185	-0.0058559089999997	-0.0199231011000001	0.0033178209999996	0.0170788315000011	-0.0204185404999999	-0.0270429587000013	-0.0802582690000005	0.0724665061000017	0.0392446037000006	-0.0946776645000022	1
-0.020936699241763	1.0215508965518565	-0.0006141817877183	0.0843920120446476	0.1373996936187341	0.493108342979282	-0.0083351258038027	-0.0032592199282082	0.0018369561062317	-0.0116317548000003	-0.0113766678000001	0.0128731549000003	-0.0062446902999996	-0.0264227400999998	-0.0283549738000002	-0.0787371281000009	0.0750796043000018	0.0341829659000006	-0.0953646527000022	1
-0.009610864820663	0.9836954640925284	0.0259153999335052	0.091550546611929	0.0413729245615851	0.594758004441671	-0.0087180768716505	-0.0029406378234142	0.001737721667647	-0.0199880662000001	-0.0125708128	0.0206195588000003	-0.0261521160999999	-0.0300884046000001	-0.0296611541000005	-0.0771511802000005	0.0775536723000018	0.0290088101000005	-0.0955612383000023	1
-0.00398862462567	0.7253339203562398	0.2786545996727053	0.0372020369194679	0.0495450446948665	0.4208500246954811	-0.0061719915041636	-0.0029159592657127	0.0017590217994843	-0.023773814	-0.0098665282000001	0.0324767663000007	-0.0067208902999999	-0.0425329728000008	-0.030961230600001	-0.0755017308000015	0.0798841288000019	0.0237391677000007	-0.0952664105000021	1
-0.0014780809346554	0.311463312954665	0.6900153210441873	0.0718751283610025	0.0575238410099813	0.5046532789209538	-0.0082741744554947	-0.0031473153237827	0.0018740147389568	-0.0319945904000005	-0.0009854094999997	0.0363762206000006	0.0049699312000003	-0.0386074273000004	-0.0322549359000006	-0.0737901375000009	0.0820666583000017	0.0183913846000002	-0.0944816852000023	1
-0.0004541228390319	0.0162734218777177	0.9841785349607916	0.0757299968091324	0.0460949221190957	0.4997343899494373	-0.0077531056153002	-0.0023092089299232	0.0017200774104485	-0.019042372	-0.0268252527000003	0.0297715359000005	-0.0272108249000005	-0.0347762243000004	-0.033542003800001	-0.0720178090000007	0.0840972192000016	0.0129830636000001	-0.0932110979000021	1
-6.645682544054757e-05	-0.1156946322674194	1.1157685671336073	0.0616961629685326	0.0782028508872801	0.4556384963667307	-0.0069013385794638	-0.0029160200511561	0.0018779628651969	-0.0180441966	-0.0122065802000001	0.046434065600001	-0.0173652548000005	-0.0646651691000012	-0.034822169500001	-0.0701862042000011	0.0859720514000016	0.007532007	-0.091461182400002	1
5.804265144740634e-06	-0.1446794913237594	1.1446496586242807	0.0656171703612096	0.0410568843801682	0.5303255645595465	-0.0076140415724227	-0.0030397106246335	0.0020119645478262	-0.0133535508999997	-0.0160072094000001	0.049910970300001	-0.0470494570000011	-0.0389071784000006	-0.0360951694000011	-0.0682968306000006	0.0876876832000016	0.0020561577999998	-0.089240937500002	1
-3.1829936937803305e-06	-0.1244215406592867	1.1244984533124749	0.0614994676580683	0.0311508586182322	0.5126569805635766	-0.0073044047402324	-0.0030090455114091	0.0017800371873926	-0.0135684262999996	-0.0198171949000002	0.0571582190000011	-0.0342220633000007	-0.0638019741000013	-0.0373607416000015	-0.0663512432000007	0.0892409375000017	-0.0034264595000001	-0.0865617806000019	1
4.0314348846480445e-06	-0.0879677666958877	1.0877442020827142	0.0724034711766733	0.0786758842055664	0.6113362886465833	-0.008848027530386	-0.0036069694775336	0.0020090933543315	-0.0148489038999999	-0.0061184832999999	0.0515293099000011	-0.0525586524000011	-0.0272316651	-0.0386186257000009	-0.0643510435000001	0.0906289382000016	-0.0088977982000005	-0.0834374889000019	1
-8.486962507537463e-06	-0.0536104626285679	1.0542297850863862	0.0854076173997551	0.0299098504513888	0.5798407157718367	-0.0079529340604324	-0.0033398267973441	0.0022037682852637	-0.0236318821999999	-0.0336785939000005	0.0608875671000012	-0.0650740281000014	-0.0681334267000012	-0.0398685628000012	-0.0622978778000001	0.0918491150000016	-0.0143398485000005	-0.0798841288000018	1
2.016232584790058e-05	-0.0288174120338292	1.0273284751198284	0.0773103056493933	0.0570227016390135	0.5194399175743307	-0.0079544433638446	-0.0034970780495482	0.0023911382278884	-0.0205694060999998	-0.0254323061000004	0.0706508990000015	-0.0623089286000015	-0.0664598654000011	-0.0411102958000014	-0.0601934360000002	0.0928992083000016	-0.0197346973000006	-0.0759199731000016	1
-4.785570973728236e-05	-0.0138634915251337	1.014314406221997	0.0944220988601674	0.0479769517029494	0.6590780867057047	-0.0090335617463626	-0.0032885801179659	0.0018821937976764	-0.0226321924000001	-0.0239104635000003	0.0785319915000016	-0.0628612875000013	-0.0500678234000005	-0.042343569100001	-0.0580394501999997	0.0937772737000015	-0.0250645864000009	-0.0715654069000017	1
0.0001101969011594	-0.0060242373364631	0.8782169637326696	0.0942277641328274	0.032412859517535	0.6443452586629944	-0.0082020854675974	-0.0025726210578606	0.0019689922724526	-0.0179069941	-0.0314262688000005	0.0899261682000018	-0.0911180666000019	-0.0477624312000005	-0.0435681289000012	-0.0558376932999998	0.0944816852000015	-0.030311972000001	-0.0668428233000015	1
-0.0002335097643123	-0.0023583038655076	0.4975995611250409	0.0952777873864112	0.077028816094611	0.7650890723108711	-0.0098137705951466	-0.0036049247268265	0.0019008673031909	-0.027512101700001	-0.0215931118000001	0.0901142769000014	-0.0883397790000009	-0.0518709153000005	-0.0447837232000004	-0.0535899776000002	0.0950111383000017	-0.0354595815000014	-0.0617765075000018	1
0.000450180809995	-0.0008047620037582	0.1278207751992131	0.1047978118027285	-0.0060791939098134	0.7232628031162274	-0.0093141274391359	-0.0029949736600373	0.0016960951995062	-0.0137548030000004	-0.0282993744	0.0758346812000002	-0.1074878968000005	-0.0241200225000002	-0.0459901020000022	-0.0512981531	0.0953646527000017	-0.0404904708000018	-0.0563925126000018	1
-0.0011068971992455	-0.0001918293028468	-0.0723739739289567	0.1005158763978521	0.0476215242601082	0.6881479978765546	-0.008618252610504	-0.0030751503138883	0.0018762905951823	-0.015921164100001	-0.0357782548000002	0.1080360143000009	-0.0923155642	-0.0751822185000015	-0.0471870168000015	-0.0489641061000008	0.0955415737000018	-0.0453880801000018	-0.0507185253000018	1
0.0334434813182191	-1.97548176045647e-06	-0.1403543123453225	0.1060630445526012	6.199925050402895e-05	0.7433956850672127	-0.0094324259271194	-0.003637316163768	0.0020618992331978	-0.0094905292000005	-0.0126274854999996	0.0982956473000005	-0.1365464485000008	-0.0271878289000004	-0.0483742215000023	-0.0465897578	0.0955415737000017	-0.0501362882000021	-0.0447837232000015	1
0.3040218310115183	-9.387605567951604e-07	-0.1371894945959436	0.0777608281165975	0.0164409230672062	0.7623883937392842	-0.0083552133039333	-0.0045830950069851	0.0021529015426852	-0.0127083796000005	-0.0410643234000005	0.1179046413000015	-0.1071313450000008	-0.0829219521000019	-0.0495514717000018	-0.0441770624000003	0.0953646527000017	-0.0547194656000018	-0.0386186257000013	1
0.7145452396095922	3.5164061079196e-07	-0.1050979434026238	0.0786389293814578	0.0315309243115242	0.7472879254144524	-0.0090548557223709	-0.0038161159358201	0.0019937726445638	-0.0212936429000004	-0.0032485875999999	0.1016628576000016	-0.1333728551000023	-0.0236245273000003	-0.0507185253000023	-0.0417280057999991	0.0950111383000012	-0.0591225262000019	-0.0322549359000007	1
0.997190978704438	-8.228546920074341e-08	-0.0682665551648953	0.0826113839377193	0.0075130409511228	0.6779315515179974	-0.0083173998535596	-0.0027523091450256	0.0027051061634462	0.0255524586000014	-0.131431884800003	0.1182950119000022	-0.0744105447000015	-0.117239176800003	-0.0518751419000033	-0.0392446036999987	0.094481685200001	-0.0633309768000017	-0.0257253786000003	1
1.120098984374516	5.862329210658445e-09	-0.0387679985553822	-1.0515637177266202	1.466520274108522	3.68701639737456	0.0120132025121306	0.0168264530770863	0.0058911112182658	0.6209823941000129	0.0746993068000014	-0.2895701914000063	0.2120403304000064	0.0486682655000015	-0.0530210835999983	-0.0367289002000019	0.0937772737000022	-0.067330964600002	-0.0190635313000007	1
1.1443942948801664	7.631788747182032e-09	-0.0195846411395177	-0.5852222091499781	0.253160311810073	1.6430980767102277	0.005733062260631	0.0034410194110152	0.0017381560147194	0.0659521594000023	0.4076396316000087	0.0604573534000014	-0.0269308212000008	0.1354368261000014	-0.0541561147000021	-0.0341829659000019	0.0928992083000022	-0.0711093231000003	-0.0123036518	1
1.1222808634470378	-8.419262565962588e-09	-0.0089076460949745	-0.676353645488692	0.4619580171963078	1.7834016096392813	0.0054822115560639	0.007049146478578	0.0023812266116048	-0.0311270349000026	-0.0301686639000016	-0.0934024701000008	0.0520747811999998	0.0928991151000009	-0.0552800013999964	-0.0316088963000053	0.0918491150000032	-0.0746536153000002	-0.0054805020000007	1
1.0855359541118823	1.1062441493003682e-08	-0.0036622133901856	-0.5683429745874107	0.4535053903796733	1.7430683431331715	0.004845302104446	0.001236338314553	0.0011680111959524	0.0525548071000007	0.0701613246000012	-0.0805252423000016	0.0587394568000009	0.0576261291000003	-0.0563925126000004	-0.0290088101000025	0.0906289382000023	-0.0779521747000012	0.0013708305999999	1
1.0516774344892206	-2.4425738109897498e-08	-0.0013407912639001	-0.5377729965750453	0.402996309838286	1.4818183024485987	0.0031900445273869	0.0014260365811087	0.0006472271514143	-0.0091754699000014	0.0432892698	0.0167041786000016	-0.0056549088000015	0.1268286888000022	-0.0574934193999982	-0.0263848473000038	0.0892409375000025	-0.0809941435000008	0.0082151139000002	1
1.0275672700343006	6.667500246023469e-08	-0.0004002069580438	-0.5178232018374017	0.5494465610483278	1.7676869279927243	0.0035811011836891	0.002071214159257	0.0003942925300714	0.0153614264999987	0.0217802124	-0.0733413002000009	0.0281713721999999	0.0779213468000017	-0.0585824950999984	-0.0237391677000025	0.0876876832000023	-0.0837695089000016	0.0150171519000001	1
1.0131720216257325	-1.868947440834389e-07	-4.965334926113104e-05	-0.5227702572402253	0.5098272763269595	1.6975127338294664	0.0026251050290044	0.0024279453103476	0.0003318145571577	-0.0226394956000024	0.0112634824999996	-0.0348927795999998	0.0345884784999997	0.0964384682000021	-0.0596595156999975	-0.0210739489000031	0.0859720514000023	-0.0862691351000014	0.0217419657000002	1
1.0056856923013937	5.168134135643431e-07	4.47488426909535e-06	-0.5089574157587291	0.5707724926566599	1.6368370775489154	0.0024031103129471	0.0013701908694285	0.0005708541293097	0.0081584162999986	0.031167094	-0.0550488782000003	-0.0095664779000013	0.0824790214000019	-0.0607242595999987	-0.0183913846000025	0.084097219200002	-0.0884847944000017	0.0283549738000007	1
1.0022108270853498	-1.4021813130348465e-06	-1.581836665723979e-06	-0.5153688727843643	0.5605792963814211	1.675338918104355	0.0025567269402133	0.000810869073365	0.0006789640204751	-0.0272464719000028	-0.0041335098000008	-0.0104216367999989	0.0268881218999993	0.0712815854000018	-0.061776507499997	-0.0156936827000033	0.0820666583000022	-0.0904091936000016	0.0348221695000005	1
1.000741083983414	3.731893586160676e-06	6.505409865869367e-07	-0.4952708291969867	0.4706785707405479	0.8603378257554756	0.002610090361055	0.00117892796715	0.0007089640319772	0.0950784883000031	0.0100077509999991	0.0157820311000015	-0.1383993765000053	0.0349965675999997	-0.0628160431000036	-0.0129830636000028	0.0798841288000015	-0.0920359983000008	0.0411102958000027	1
1.0001788697881435	-9.743435020804052e-06	-2.628112366879782e-07	-0.531569383003116	0.5519240476215689	1.8241690180705028	-0.0002698735275041	-0.0002986148110677	0.0008509597315102	0.0188906386999996	0.0846179663000012	-0.1067931770000016	-0.1406420326000042	0.1085652107000024	-0.0638426523999999	-0.0102617584000013	0.0775536723000017	-0.0933598536000019	0.0471870168000014	1
0.9999741546819838	2.493132811388019e-05	1.027443046453761e-07	-0.5243519972488995	0.4688048892713527	1.887114423404636	-0.001440039014933	0.0001019526900641	0.0007600736391631	-0.025481876300002	0.0056892073999998	-0.0205663324000001	0.0861562995000014	-0.0044560806000003	-0.0648561240999986	-0.007532007000002	0.075079604300002	-0.0943764019000018	0.0530210836000005	1
1.0000639003264646	-6.247710765183218e-05	-4.1071982577394666e-08	-0.5362152406022599	0.4677343325446925	2.008281321745425	-0.0019779802699157	-0.0001238977838454	0.0004018767822767	0.001623039899999	0.0048468308999999	-0.0703788172000015	0.0423866443000006	0.0278568300000003	-0.0658562495999998	-0.0047960562000011	0.0724665061000017	-0.095082297100002	0.0585824951000008	1
0.9998464708671766	0.0001529928288029	2.037545140941309e-08	-0.5300372780391737	0.3921440335995184	2.1042445862732504	-0.0020410297053229	0.0001395898040989	0.0004021427674114	-0.0086726594000011	0.000101988	-0.028945617800001	0.1273974451000031	-0.0156959120000009	-0.0668428233	-0.0020561578000008	0.0697192167000017	-0.0954752155000021	0.0638426524000005	1
1.0003531064218445	-0.0003529352013865	-1.9556586362335573e-08	-0.5496257261580555	0.3948658035472877	1.977331367092373	-0.0017710590432445	0.0002811437823987	0.0004022492921771	-0.014465534700001	-0.0146382999000005	-0.049479518400001	0.0292712045000001	0.0344882977000001	-0.0678156420000001	0.0006854329999988	0.0668428233000017	-0.0955538639000019	0.0687745056000011	1
0.999242419620243	0.0007575103042669	3.4965054577464414e-08	-0.5312548170265218	0.3701942559253665	2.02908330293013	-0.0021960877941628	0.0008987980542987	0.0001859864070712	-0.0351106643000017	0.0015436574999999	-0.0193778504000006	0.0752655480000015	-0.0230331358000011	-0.0687745055999999	0.0034264594999989	0.0638426524000016	-0.0953179834000018	0.0733526932000009	1
1.0017434863027304	-0.0017434074694899	-7.400421950404275e-08	-0.5259794929118157	0.4076417488556507	2.011232758141741	-0.0022270238555068	0.0018429821132699	1.905199289112976e-05	-0.0191395536000013	-0.0070258345000003	-0.0218184144000004	0.0371321545000004	0.0178834738	-0.0697192166999999	0.0061646658999992	0.0607242596000014	-0.0947683504000019	0.0775536723000013	1
0.9540055266921236	0.0459943215040306	1.5313492808747304e-07	-0.5272369379011502	0.4573206454801075	2.142095984404559	-0.0027684097574002	0.0015261751297643	-0.0001228872330759	-0.0206500684000016	-0.0118326909000003	-0.0273439687000006	0.0708881051000014	-0.0254821935000007	-0.0706495809999994	0.0088977981999994	0.0574934194000014	-0.0939067741000021	0.0813558400000011	1
0.6593329919297636	0.3406672945859284	-2.8823737888785285e-07	-0.5324961647035307	0.4456558882155392	2.042565543857632	-0.0020019086450358	0.001477125675558	-0.000124021229766	-0.013240983100001	0.0025644347999999	-0.0186360407000003	0.0332735916000004	0.0100364698000002	-0.0715654069000001	0.0116236069999995	0.0541561147000014	-0.0927360906000019	0.0847396439000015	1
0.2523040181770498	0.7476955426116806	4.4025737859544353e-07	-0.5380160689945652	0.4931198287160179	2.043126521881942	-0.0026661175191966	0.0015023047199914	0.0001490034040161	-0.016657444700001	-0.0030360658	-0.0324540415000007	0.053707765000001	-0.0125223066999999	-0.0724665061000003	0.0143398484999996	0.0507185253000016	-0.0912601531000019	0.0876876832000015	1
-0.0141543173424944	1.0141546075286756	-2.907665278303617e-07	-0.532041742809596	0.4677307779383847	2.011970924702734	-0.0025231425923209	0.0015272738453482	0.000181927551165	-0.0143588956000007	0.0223598985000005	0.0117006519000004	0.0489929462000008	0.0222861428000011	-0.0733526932000003	0.0170442872999999	0.0471870168000016	-0.0894838202000018	0.0901847978000017	1
-0.1254609396496166	1.1254624953092216	-1.555370213474233e-06	-0.5420228010857777	0.5183080828283695	2.0590345713844984	-0.0031881397897898	0.001197157150676	0.0002169086621291	-0.0322883478000015	-0.0065902932000001	-0.0133634996	0.0596985980000011	0.0049912207000009	-0.0742237855999997	0.0197346972999997	0.0435681289000017	-0.0874129386000018	0.0922181468000016	1
-0.1436952902054708	1.143685108996508	1.0180723460852927e-05	-0.5311945159607485	0.4442356947833153	2.012724577751496	-0.0024557444009857	0.0010719437439417	0.0004538178710285	-0.0409011320000013	-0.0050747371	-0.0054548831999999	0.0323662178000004	0.0125865112000009	-0.0750796043000004	0.022408864	0.0398685628000016	-0.0850543252000016	0.0937772737000017	1
-0.1191909692481294	1.1192334361775202	-4.246539189142983e-05	-0.5550832267785354	0.4697284377335217	1.987642837083496	-0.0029359416122096	0.0015361730318846	0.0005652569231418	-0.0351023047000011	0.0012534794999999	-0.0068624184999999	0.0270218628000002	-0.0034829525999995	-0.0759199731000005	0.0250645863999998	0.0360951694000015	-0.0824157435000014	0.0948541610000018	1
-0.0821587768893156	1.0820046720900425	0.0001540992897066	-0.5413912793384269	0.4450657018549566	2.107358533255121	-0.002940130722809	0.0012107015127233	0.0002047790847708	-0.034385656500001	-0.0097530532000001	-0.0126640629000002	0.0315487065000005	-0.0200094993999999	-0.0767447190000005	0.0276996788000003	0.0322549359000014	-0.0795058789000015	0.0954432708000017	1
-0.0490410477489369	1.049527228302266	-0.0004861624287382	-0.5378670073909573	0.4170621013213617	2.0942296122975663	-0.0026310297887563	0.001430946118806	3.988263282134327e-05	-0.0328971725000008	0.0058054246000003	0.0103248879	0.0662692663000016	-0.0288497043000002	-0.0775536723000011	0.0303119720000006	0.0283549738000012	-0.0763343096000015	0.0955415737000016	1
-0.0258860174221762	1.0247205254178933	0.0011654352072145	-0.5409180056738303	0.4341973887739938	2.1206314462059885	-0.0036707801915844	0.0016809207259097	0.0003170856507759	-0.0297043064000007	-0.0075458799999999	-0.0228541651000007	0.0369576313000008	-0.0243378877000001	-0.0783466667000014	0.0328993162000009	0.024402504800001	-0.0729114752000015	0.0951485642000017	1
-0.0122519128461587	1.0079729108624311	0.0042791725034077	-0.5460878222037305	0.3964434351012877	2.175929038070476	-0.0043139668433175	0.0017311291033579	-5.626584135679167e-05	-0.0206477475000003	0.0151009282000006	0.0071469335999998	0.0600016500000015	0.0069741586000005	-0.0791235388000016	0.0354595815000012	0.0204048480000009	-0.0692486424000014	0.0942662634000016	1
-0.0052410195829197	0.8316348874056162	0.1736056357598415	-0.556845834357048	0.4655631125664281	1.9922979811421988	-0.0028924342400263	0.0018761161141075	-7.67871599499731e-05	-0.0353647840000008	-0.0214873221000005	-0.0218013525000002	-0.0047128559000006	0.0106977589000006	-0.0798841288000013	0.0379906609000004	0.0163694060000008	-0.0653578680000011	0.092899208300002	1
-0.0020150787044146	0.4314518031323909	0.5705646833539817	-0.5463666393644934	0.4202262897187407	1.7355675529478252	-0.0021727056665371	0.0032327087486323	0.0007410149214897	-0.0702819505000015	0.0046169139999998	0.0135721413000008	-0.0470054971000022	0.0134344578000004	-0.0806282803000013	0.0404904707999998	0.0123036518000006	-0.0612519591000007	0.0910544289000022	1
-0.0006670734524718	0.0852552412040138	0.9154079286577668	-0.5539522794179705	0.4436075020395974	1.7860716879195726	-0.0024777217568763	0.0029611607651108	0.0014931739806291	-0.0608364750000013	-0.0061894709000003	-0.0012271905999995	-0.0371585100000021	0.0229170687000007	-0.0813558400000014	0.042956954	0.0082151139000003	-0.0569444308000008	0.0887414118000022	1
-0.0001402321154688	-0.0900291007742871	1.090179936662354	-0.558368513960061	0.5058237085852396	1.9406085964881596	-0.0034129265559454	0.0021392497305709	0.0013231570128194	-0.0412857294000011	0.0070800819000002	-0.0169985797000001	0.0196444309999995	0.0077422246000006	-0.0820666583000015	0.0453880801000005	0.0041113636000001	-0.0524494619000011	0.0859720514000018	1
3.635998484873131e-06	-0.1432162503623747	1.1431843616420825	-0.5170488611630603	0.4690223209961461	1.8639267381149531	-0.0026650795283074	0.0023846876544277	0.0017406843392091	-0.046232320100001	-0.0019435525999999	-0.0104239897999999	-0.0219821148000015	0.0430823451000016	-0.0827605889000019	0.0477818483000011	-1.5157944794304267e-16	-0.0477818483000011	0.0827605889000019	1
-1.8883617078327377e-06	-0.1333066913444985	1.1333824953206413	-0.5459965635209996	0.4811260125979397	2.007423215902106	-0.0029930879128697	0.0019378291956506	0.0011199038103191	-0.0404828836000009	0.0172767853000006	-0.0161954272000003	0.0264996332999999	0.0120172919000007	-0.0834374889000019	0.0501362882000012	-0.0041113636000001	-0.0429569540000011	0.0791235388000016	1
7.122584265511965e-07	-0.0992203276869819	1.0990299480147034	-0.5276055676879122	0.4733842072868124	2.046464632092778	-0.0031541119410683	0.0020370769518115	0.000591714617442	-0.0498777272000013	-0.0158979614000001	-0.0214978143000004	0.0222452676999998	0.0035331480000006	-0.0840972192000016	0.0524494619000014	-0.0082151139000002	-0.0379906609000011	0.0750796043000015	1
-2.3761719786671733e-07	-0.0630166744426814	1.0634789564547944	-0.5114249968066658	0.4253372059133647	1.944443773164621	-0.0024720367880183	0.0025129983796336	0.0008171088072894	-0.0602022635000013	0.0276693763000008	0.0153605231000003	0.0126973450999996	0.0182492899000009	-0.084739643900002	0.0547194656000016	-0.0123036518000003	-0.0328993162000008	0.0706495810000015	1
7.199591297452231e-08	-0.0351023710116636	1.034055966976658	-0.53030443451466	0.4587144133351439	2.0162096500689577	-0.002526609051231	0.0020372610693462	0.0005900750643809	-0.0610352907000015	-0.0114536552	-0.0182170509000002	-0.0037301154000008	0.0147702119000008	-0.0853646308000015	0.0569444308000014	-0.0163694060000004	-0.0276996788000007	0.0658562496000013	1
-2.0012361235922e-08	-0.017432192974485	1.0196425412800494	-0.5311088436937285	0.394420254202613	1.9312051894294324	-0.002272945496693	0.0024951064264766	0.0003513365738645	-0.062455366300001	0.0371805589000011	-0.0135353988000005	0.0224341063	0.0314302551000009	-0.0859720514000031	0.059122526200002	-0.0204048480000005	-0.0224088640000006	0.0607242596000013	1
4.0144835631425995e-09	-0.0078271576828153	0.946850644200832	-0.5858576645548342	0.5123851311320903	2.663753033825386	-0.0002980197983685	0.0003199809233629	0.0001260473064057	0.0402759048999997	-0.179516458600004	0.0938362902000026	0.1314287041000029	-0.0298763695	-0.0865617805999977	0.0612519591000009	-0.0244025048000002	-0.0170442873000005	0.0552800014	1
2.975862850233468e-09	-0.003051519339702	0.6248571889819321	-0.558871104251791	0.5025889970285086	2.5933168522619194	0.0016135479381805	0.0002121508531012	-0.0004331711659381	0.0275516264999996	-0.0873816464000016	0.100267714200002	0.1028000524000032	-0.1647291075000038	-0.0871336970999985	0.0633309768000006	-0.0283549738000002	-0.0116236070000004	0.0495514716999997	1
-1.4217794707493088e-08	-0.0015083807473003	0.2216744131001705	-0.5672584552134191	0.4630977493426774	2.4276009806738723	0.0018769999150984	-0.0001540511853798	-5.485495500905542e-05	-0.0802681631000027	-0.0889791061000014	-0.1553144051000045	-0.103376884100001	-0.0672058015000019	-0.0876876832000008	0.0653578680000007	-0.0322549359000002	-0.0061646659000007	0.0435681288999999	1
4.818707341346293e-08	0.0005764490546844	-0.0294986317096472	-0.801550742523515	0.6442665120719043	3.796740797786895	0.0158047289035104	0.0089280130720251	0.0076191627231313	0.4165077156000087	-0.253542448100006	0.1813906490000043	-0.0448260500999988	0.0455951610000007	-0.0882236247999968	0.0673309646000004	-0.0360951694000005	-0.0006854329999999	0.0373607415999994	1
-1.5311167439105074e-07	0.0073703817184177	-0.1300255060720967	-0.8214079162578473	0.9525178584995898	4.4281185685986895	0.0242186171401852	0.0042121010334228	0.0052398184231633	0.2538488916000022	0.0154423948000003	-0.0479488300000004	-0.264329476400004	0.3260746286000097	-0.0887414117999925	0.0692486424000014	-0.0398685628000006	0.0047960561999984	0.030961230599999	1
4.6598130979617643e-07	0.1946736011020493	-0.1426462231786255	-0.7524358732717519	0.3796705810821896	2.9314422583963435	0.0178428481970653	-0.0010488334029982	0.0044007232284155	-0.0468884464000025	0.0009295234999994	0.0252800969000009	-0.2410017989000046	-0.0048882923000013	-0.0892409374999962	0.071109323099998	-0.0435681288999997	0.010261758400001	0.024402504799999	1
-1.3709916778024e-06	0.5974934362905211	-0.1160025185811804	-0.608879002539097	0.529409608851151	2.7466696329196605	0.0156016271860063	-0.0009540625860121	0.0010250068572747	0.0340651141000001	0.0036279854000001	0.0609868378000011	-0.0324471731999993	-0.1974528959000049	-0.0897220991999989	0.0729114752000006	-0.0471870168000004	0.0156936827000004	0.0177182916999992	1
3.923608184120576e-06	0.9318097224796442	-0.0788214148713571	-0.6229821961804719	0.5934191548666083	2.647990308218124	0.0131373943277066	4.10239097896894e-05	0.0004597546509592	-0.0215641226000014	-0.0475364815000013	-0.0101199156999994	-0.0775936407000015	-0.0792516286000014	-0.0901847977999978	0.0746536153000007	-0.0507185253000004	0.0210739489000006	0.0109429641999995	1
-1.0943591803599598e-05	1.096637689237159	-0.0464908280090308	-0.6293991512458623	0.6001911813403066	2.341698690907817	0.0110806640794942	0.0007913000217801	0.0001401126702733	-0.0013806679999999	0.088809416100002	0.0208524466000007	0.0342976924000009	-0.062860529600001	-0.090628938200001	0.0763343096000018	-0.0541561147000008	0.0263848473000007	0.0041113635999998	1
2.989383533200702e-05	1.1439188741979476	-0.0242847061417941	-0.7304860187274759	0.7027897683497606	2.411927659359361	0.0100310928225551	0.0023093431103986	-0.0029351677239609	-0.0337776927000015	-0.0498855616000015	-0.0481343723999996	-0.0117294672000009	-0.055126500800001	-0.0910544288999981	0.0779521746999998	-0.0574934194000003	0.0316088963000014	-0.0027413792000002	1
-8.01695497039885e-05	1.1315944742678343	-0.0113862867472346	-0.7376060925025739	0.765967342683468	2.502023483686781	0.008655977089508	0.0016784057921508	-0.0033803373907691	0.0017158350999992	0.0284536393000002	-0.0020430067999987	0.0364411802000005	-0.1016711188000019	-0.0914611823999979	0.0795058789	-0.0607242596000004	0.0367289002000014	-0.0095800247000005	1
0.0002113012111425	1.0965484929387233	-0.0048262758679585	-0.6987670334522131	0.7442396018771131	2.493724479569605	0.0090341625218011	0.0011882241959277	-0.0033879457533766	-0.0285926403000016	-0.0574193504000016	-0.0574616738999999	-0.0092032887000006	-0.0572994117000007	-0.0918491149999976	0.0809941435000003	-0.0638426524000006	0.0417280058000013	-0.0163694060000006	1
-0.00053007434933	1.0614222326394525	-0.0018355944517491	-0.6141715098243287	0.7139152016994361	2.707403194601452	0.0068190730453651	-0.0004676472308189	0.0001050943774783	0.0211460651999998	-0.0044847659000001	-0.0096162689999995	0.0059667383000006	-0.1376910596000024	-0.0922181467999982	0.082415743500002	-0.066842823300001	0.046589757800001	-0.0230746094000012	1
0.0012269930570209	1.0324273546215323	-0.000595640960466	-0.5639620876813729	0.4955736175290163	2.5491174357385646	0.0047721377499763	0.001059234254744	0.0007239767375971	-0.0426595824000012	0.0191453983000004	0.0024851130000003	-0.0150432463999997	-0.0622541408000009	-0.0925682018999994	0.0837695089000027	-0.0697192167000012	0.0512981531000012	-0.0296611541000015	1
-0.0023496938181786	1.0189464605763108	-0.0001143641821658	-0.6005212132373415	0.5160650002244698	2.513285666640809	0.0042890001703992	0.0013040498583765	2.020326046293272e-05	-0.0216916811000003	0.0100052709000004	-0.0312333183000008	0.0371426154000016	-0.0856289810000018	-0.0928992083000008	0.0850543252000027	-0.0724665061000011	0.0558376933000012	-0.0360951694000015	1
0.0731784484816079	0.9342032969269696	5.136479412880592e-06	-0.6202592699535496	0.4211067765384332	2.5432586729990563	0.0023642073538436	0.0013881568128511	-0.0002921417635862	-0.0715324720000016	-0.0711964420000016	-0.0641103739000013	-0.0218454465999999	-0.0860628011000024	-0.0932110978999996	0.0862691351000021	-0.0750796043000009	0.0601934360000017	-0.0423435691000019	1
0.4056189155431863	0.5973465813009293	-2.113864699294849e-06	-0.6202303579801047	0.4309768348954704	2.497624247513825	0.0028491387051866	0.0013422188546192	-0.000199913489346	-0.0208668709	0.1022860248000025	0.0175091502999999	0.0798317194000028	-0.0904827985000026	-0.0935038064000016	0.0874129386000028	-0.0775536723000015	0.0643510435000015	-0.0483742215000019	1
0.8012818347903644	0.1997678642778279	8.084509600342205e-07	-0.6202051678181408	0.4520027488708643	2.50098623169127	0.0023663605914525	0.0013413690344723	-0.0005350886330984	-0.0802345670000022	-0.1059902392000024	-0.1318148203000028	-0.0570276858000012	-0.0074091945000007	-0.0937772736999999	0.0884847944000022	-0.0798841288000017	0.0682968306000015	-0.0541561147000019	1
1.0402754333073776	-0.0399848955766072	-2.8729847270696546e-07	-0.7683424585948451	0.7546300973412763	2.4665050506412123	0.0155598173504423	0.0048040558697959	0.0047839608800717	0.2764239233000071	-0.0320349229000016	0.171401374700005	0.0853762066000018	-0.1211116077000039	-0.0940314435000012	0.0894838202000008	-0.0820666583000022	0.0720178090000025	-0.059659515700001	1
1.132909460933256	-0.1328969970954668	9.588819324915224e-08	-0.65539407308411	0.5195981832602415	1.999377039863771	0.0102126974752988	0.0049179252180253	0.0010329230196454	-0.0062044087000005	0.5712960844000124	0.3329179997000082	0.1381103785000032	0.094785792800002	-0.0942662634000012	0.0904091936000019	-0.0840972192000023	0.0755017308000023	-0.0648561241000014	1
1.141719472193175	-0.1417089702217416	-3.075544772778214e-08	-0.639415982408606	0.7441179971139478	2.091668031308811	0.0101783342771895	0.0022391959411833	0.0003211135345433	-0.0773285771000031	-0.0557403359000015	-0.1864371969000036	-0.0320981919000015	0.0479284888000012	-0.0944816852000005	0.0912601531000013	-0.0859720514000023	0.0787371281000013	-0.0697192167000014	1
1.1136630425080507	-0.1136759185180198	9.346971051025091e-09	-0.6242757163043656	0.7257999299972951	2.1428535887551563	0.0093325117147652	0.00234808077716	0.0001140466974385	-0.0268814693000019	0.0845242370000017	-0.0125466627999997	0.1011676052000021	0.0349915091000011	-0.0946776645000005	0.0920359983000018	-0.0876876832000024	0.0817133510000014	-0.0742237856000018	1
1.0764483502008124	-0.0764681393657804	-2.604844571924628e-09	-0.6334903763706571	0.7840637124672317	2.154939430634468	0.0082764784095599	0.0020240377146587	0.0001211260165665	-0.0673170772000029	-0.0147041141000005	-0.1837612072000037	-0.0006181009000004	0.065555401200002	-0.0948541610000006	0.0927360906000019	-0.0892409375000023	0.0844206031000012	-0.0783466667000016	1
1.0449030045515006	-0.0447265261694806	6.146692293420434e-10	-0.6261888882828243	0.7192607639783702	2.1285024283095564	0.0084529481405812	0.00192326295474	0.0001718708026952	-0.0430626254000024	0.0649862682000012	-0.0188690243999997	0.0794645649000015	0.0270165998000009	-0.0950111382999999	0.0933598536000016	-0.0906289382000023	0.0868499729000016	-0.082066658300002	1
1.0228033846292797	-0.0231910594677977	-8.793878131819256e-11	-0.6236868674571788	0.6732635890121512	2.2846707820613226	0.0069770365108479	0.001875118181164	2.6957560512370472e-05	-0.0881190338000029	-0.046704792000001	-0.2370690727000054	-0.0240835747000005	0.0243216868000005	-0.0951485642000013	0.0939067741000026	-0.0918491150000023	0.0889934638000012	-0.0853646308000021	1
0.9976160267974848	-0.0108009457714044	-2.2051097609377205e-11	-0.8472935076138131	0.8638016126607384	2.599982732454503	0.0155319751586448	0.0042093249454998	0.0051541719565206	0.0884611084999993	0.0888708245000006	0.2901247041000089	0.2339719137000047	-0.0980426008000024	-0.0952664104999938	0.0943764018999976	-0.0928992083000014	0.0908440203000035	-0.0882236248000031	1
0.7785103036271681	-0.0045478614100762	2.914733125703781e-11	-1.12081909049802	1.1839281634765797	3.3431361836679474	0.0355079501001743	0.0291828025044734	0.0016874790988104	0.3118387732000073	0.0245146544999996	-0.2164477200000039	-0.1237869417000018	-0.3371332522000097	-0.0953646526999996	0.0947683503999984	-0.0937772737000014	0.0923955510000035	-0.0906289382000017	1
0.3672291770236321	-0.0017160256869801	-1.877893857536871e-11	-0.4229664321236061	-0.2040425270621746	0.4894983988073253	-0.0003105820163323	-0.0031350964081801	0.0005860138113876	0.045795473500003	-0.4381243854000102	0.3635097224000086	0.1271862644000014	0.5058832164000101	-0.0954432708000072	0.0950822971000011	-0.0944816852000025	0.0936429488000028	-0.0925682019000005	1
0.0472807208478205	-0.000547840474544	1.0140066409253407e-11	-0.6171755209502441	0.4935556479659217	1.1857313517641297	-0.0008294482161763	0.0013040343209028	-8.045951672472592e-05	-0.1150230763000032	0.1303792385000022	0.0516349322000019	-0.196543588400005	0.1270045484000021	-0.0955022485000015	0.0953179833999984	-0.0950111383000016	0.094582107800003	-0.0940314435000015	1
-0.1050921834524661	-9.827947622490184e-05	-5.574928176385139e-12	-0.6085741741810045	0.4797238376698097	1.2395680250389742	-0.0002450180269484	0.0006049922579957	6.107411066475108e-05	-0.055581592100001	0.0094484281000001	-0.0463664015000013	-0.1452610515000029	0.1037500452000013	-0.0955415737000043	0.0954752154999994	-0.0953646527000017	0.0952099364000025	-0.0950111383000015	1
-0.1438204726356666	7.689372409152799e-06	5.607430997093105e-12	-0.6216139789460321	0.5571891179564137	1.4850945423290212	-0.0004812244723172	0.0013291000117797	-0.0004146803415373	-0.0687567302000023	0.046258338100001	-0.0375747035000011	-0.0994236408000016	0.1221406425000023	-0.0955612383000025	0.0955538638999994	-0.0955415737000016	0.0955243683000022	-0.095502248500002	1
