trial_type.audcontrol	trial_type.audaffix	trial_type.audroot	trans_x	trans_y	trans_z	rot_x	rot_y	rot_z	c_comp_cor_00	c_comp_cor_01	c_comp_cor_02	c_comp_cor_03	c_comp_cor_04	c_comp_cor_05	c_comp_cor_06	cosine00	cosine01	cosine02	cosine03	cosine04	intercept
-3.396437589706197e-15	-2.349608827856099e-10	-5.96463639288929e-06	0.0240433065424515	0.0212586437990724	-0.374545506474759	0.0028682876863141	-0.0035849003887977	-0.0009658649689838	0.054311471500002	-0.0521904236000005	0.0840243005000006	-0.1406423958000025	0.1946037892000044	0.3121141595000076	-0.1404129133000037	0.0955612383000045	0.0955538639000001	0.0955415737000006	0.0955243683000039	0.0955022484999992	1
2.6061160669622734e-14	5.379223815264115e-10	1.35819989896989e-05	0.0191732733822356	0.1591555902255517	-0.103589918001373	0.0018887706378613	-0.0020871193342794	-0.0011810310797825	0.0586032505000015	-0.0328085687000002	0.0199322396000002	0.1811686249000043	0.2823290038000063	-0.1465960864000026	0.2052746794000048	0.0955415737000018	0.0954752155000004	0.0953646527000015	0.0952099364000014	0.0950111383000022	1
-4.202031219678437e-14	-1.1757075571149087e-09	-2.948542445541986e-05	0.0088362749550714	-0.1464683087160554	-0.062463314196517	0.0003689488987267	-0.0013996449739379	-0.0007877422450456	0.0718435583000021	-0.0399638283000009	-0.0844448827000026	-0.1503616129000025	-0.0350991604000002	0.0926398828000018	0.0717482131000024	0.0955022485000007	0.0953179834000013	0.0950111383000013	0.0945821078000022	0.0940314435	1
1.0177899380379599e-13	2.3990190245557374e-09	5.93505506443966e-05	0.0288584433498328	0.0640029541761322	-0.061795269175673	-0.0007172240796561	-0.0020230710745222	-0.0012087281867291	0.032855386800001	-0.0090976453999998	-0.0098300987000002	-0.0502595155000005	-0.0380869555000008	0.0115706918000003	0.0603688800000013	0.0954432708000019	0.0950822971000015	0.0944816852000015	0.0936429488000017	0.0925682019000012	1
-1.7428787433926105e-13	-4.349409368271109e-09	-9.778638860619894e-05	-0.0010492832018959	-0.1366694960610477	-0.0819341957531324	-0.0007639179860116	-0.0015948031254708	-0.0005241097658352	0.0216945520000008	0.0293093306000007	0.0032597301999996	-0.076777263800001	-0.0628202516000012	0.0176323633000002	-0.0186908088999997	0.0953646527000007	0.0947683504000016	0.0937772737000016	0.0923955510000017	0.0906289382000004	1
2.675613866206233e-13	6.015305101524421e-09	0.0001091929362682	-0.0010762319122951	-0.1116417323641214	-0.1097360993091573	-0.0007141600068835	-0.0013469116343101	-0.0002369809122191	0.0615201383000019	0.0223256920000007	0.0606284102000009	0.023715158500001	-0.0116740129000003	-0.0630245753000014	-0.1023673820000017	0.0952664105000013	0.0943764019000013	0.0928992083000014	0.0908440203000018	0.0882236248000003	1
-1.1741905615513046e-13	-1.1082186160241043e-09	-0.0003135868919485	-0.0010661467605516	-0.1095320344224306	-0.0713376814188365	-0.0007846255859609	-0.0013469240546804	-0.0001860283384321	0.109861273800003	-0.0624181222000012	0.0579923176000007	0.0397021437000014	-0.0580423115000013	-0.0194108669000005	-0.0507194875000005	0.0951485642000013	0.0939067741000016	0.0918491150000013	0.0889934638000014	0.0853646308000003	1
-1.1894511120600829e-12	-3.62435042026562e-08	0.021809996271769	0.0021135277650458	-0.1167451327238512	0.032270021360776	-0.0003129392811261	-0.0013470139199705	8.978915608676534e-05	0.066705625700002	-0.0696000456000014	-0.0220307631000008	0.0328610590000012	-0.0305850939000007	-0.0575201796000013	-0.0931259971000014	0.095011138300001	0.0933598536000013	0.0906289382000013	0.0868499729000016	0.0820666583000002	1
7.116775085278919e-12	1.9760547935413322e-07	0.2633463207777877	0.0180051216146067	0.1074469106362131	0.1195232157831788	-0.0007039526491371	-0.0014880198786803	6.397663407846645e-05	-0.0221500230000001	-0.0411060936000003	-0.1243669399000027	-0.0392901556000006	0.0591654410000013	-0.1029760360000019	0.0630461393000014	0.0948541610000019	0.0927360906000013	0.0892409375000019	0.0844206031000011	0.0783466667000018	1
-2.8898441528438693e-11	-7.817640392119372e-07	0.6745824132350811	0.060942348923534	0.0360288607370475	0.0470834303885999	3.862735937789563e-06	-0.0019600000730333	-0.0001399960992998	-0.0430793159000006	0.0595017992000015	-0.1055745335000023	-0.1174479648000028	-0.0314391647	0.0398168444000008	0.0588834219000011	0.0946776645000019	0.0920359983000015	0.0876876832000021	0.0817133510000018	0.0742237856000003	1
1.0170136195291832e-10	2.7136329571388505e-06	0.9758371116423104	0.0442659477127882	0.1056427971132631	0.0584469290933392	-0.0003022548380354	-0.0017679618980413	-0.0002882676582045	-0.0101631783999999	0.0762334114000021	-0.0040081992999996	0.0074532833999994	-0.0383981637000003	-0.0231379912000004	0.0077130359999996	0.0944816852000026	0.0912601531000015	0.0859720514000028	0.0787371281000012	0.069719216700001	1
-3.3062401824986006e-10	-8.748365642827383e-06	1.112903517016261	0.0412282762118253	-0.0860879103727694	0.0848259246243581	1.5150749645361834e-05	-0.001979005022495	-0.0003529855481103	0.0213963966000007	0.0275100708000006	0.0919686207000025	0.0756601835000008	-0.1101892894000018	0.0044758677999996	0.0020818495000003	0.0942662634000006	0.090409193600002	0.0840972192000031	0.0755017308000008	0.0648561241000001	1
1.019343422394205e-09	2.6813161345166447e-05	1.1447259515132708	0.0421347590468179	0.1688086821790352	0.0775997688378606	-0.000662226577114	-0.0019434240305826	-0.0002326437636767	-0.0246005815000003	0.0668337972000021	-0.0344305575000002	-0.0173663381000011	-4.936549999930455e-05	0.0326055373000011	0.0276804030999999	0.0940314435000034	0.0894838202000014	0.0820666583000027	0.0720178090000012	0.0596595157000011	1
-3.023846351705465e-09	-7.932093514812977e-05	1.1257919341801714	0.0219673290013981	-0.1109518130749633	0.0152339489448146	-0.0006275611127066	-0.0009789617844249	-0.0001248074878434	0.0087491497000005	0.0585532605000012	0.1057269814000027	0.0099358984999993	-0.0949105369000012	-0.0602464522000018	-0.0058237304999997	0.0937772737000005	0.0884847944000021	0.079884128800003	0.0682968306000007	0.0541561147	1
8.712390725404987e-09	0.0002292600055706	1.0892467140896325	0.0383988486044587	-0.0367636549995898	0.0528360224712151	-0.0005030741761183	-0.0010779660864315	-0.0001382713879233	-0.0101539334999998	0.040294471400001	0.0330780640000009	0.0574832795000005	-0.0687133833000008	0.057972890300001	-0.0314310605000006	0.0935038064000016	0.0874129386000015	0.0775536723000025	0.0643510435000012	0.0483742214999996	1
-2.4495533581898572e-08	-0.0006246326792961	1.0554533885390451	0.035656325117316	0.0493911491828814	0.0913479902969708	-0.0006220282236437	-0.000933981086371	-6.079048919107365e-05	-0.0119899195999999	0.0224522855000008	-0.0235033208000002	0.0252243092999997	0.0015005978000006	-0.0019108022999998	-0.0340234434000009	0.0932110979000024	0.0862691351000013	0.0750796043000024	0.0601934360000012	0.0423435691	1
6.739989788154311e-08	0.0014982552356965	1.0281138210759844	0.0382538475426777	-0.0688989068707579	0.1132890396885849	-0.0005080303732437	-0.0009349842160163	-6.473754683283653e-05	0.0233816562000009	-0.0181010360000003	-0.0143018783000002	0.0369682067000001	-0.0953922486000014	0.0047408361999998	-0.0503270776000009	0.0928992083000013	0.0850543252000015	0.0724665061000022	0.0558376933000012	0.0360951693999991	1
-1.817932010174454e-07	-0.0011345635715711	1.015441009880074	0.0313147656709712	0.0261291911684224	0.0563957379475999	-0.0009600124768592	-0.0008849873293008	-2.692472602159797e-05	0.0337559170000012	-0.0551593730000009	-0.0257497342000005	0.0151869233999996	-0.0076752332999995	-0.0379480015000007	-0.0481723358000012	0.0925682019000023	0.0837695089000011	0.069719216700002	0.0512981531000011	0.0296611540999994	1
4.810337207347831e-07	0.1171965703912821	0.8890445245989993	0.0332553766061499	-0.0920953444445459	0.0503813995606102	-0.0008450051593743	-0.0007389941751417	-1.4312257860243692e-05	-0.0423420626000003	0.0179860103000004	-0.0534620743000012	-0.0478762698000018	0.0317352976000013	-0.0944467563000022	-0.0461180179000005	0.092218146800001	0.0824157435000013	0.0668428233000019	0.0465897578000011	0.0230746093999989	1
-1.2486792312583969e-06	0.4876600687498332	0.5147955507343666	0.0381036027685588	-0.0215272810000195	0.1237526595905263	-0.0002650242654165	-0.0007954920221025	-6.110549541505423e-05	-0.0127935569999998	-0.0305549685000005	-0.0276281325000005	-0.0020839006000005	-0.0788803918000012	-0.0202332419000009	0.068233607700002	0.0918491150000006	0.0809941435000021	0.0638426524000017	0.0417280058000002	0.0163694059999998	1
3.1773507519814097e-06	0.8613473736564172	0.1394929479152375	0.0156023808169003	0.0114496889197818	-0.0157238339156396	0.0002970259261344	-0.0001854583584083	0.0002790279033423	0.0200096736000011	0.0003892063000003	0.0600133739000011	0.0565553933000005	0.0414516595000011	-0.1126072049000028	-0.0142567852	0.0914611824000014	0.0795058789000019	0.0607242596000012	0.0367289002000002	0.0095800247000002	1
-7.912069816504464e-06	1.0675514394589103	-0.0673369423242681	0.0382476540624025	-0.0063726392834136	0.022398804601739	0.000605965607018	-0.0002640788129048	-0.0002604200927897	-0.0477921081000003	0.0510746013000014	-0.0637172689000018	-0.0369427161000013	0.0096652635000007	0.0410423870000004	0.0739489046000021	0.0910544289000011	0.0779521747000019	0.0574934194000006	0.0316088963000004	0.0027413791999998	1
1.9228801139696208e-05	1.1393500588809966	-0.1393651710831975	0.0336873548083644	-0.0431510467741568	5.717907552980999e-05	0.0004280435951993	-0.0004999622384458	0.0001751072477515	-0.0037433290999992	-0.0028054997999998	0.0171296431999999	-0.023039733400001	-0.0644998774000011	-0.0136582003000009	-0.0365420495000004	0.0906289382000011	0.0763343096000023	0.0541561147000005	0.0263848473000002	-0.0041113636000004	1
-4.542687209760356e-05	1.138137151827754	-0.1380911357233236	0.0380557631089576	0.1000030687564647	0.0060021840309797	0.0001650222773378	-0.0001439746114219	0.0003080117771601	-0.0038921506999993	-0.0277064683000001	-0.0080865523000005	0.0597630004000007	0.0240859662000007	0.0168979971000001	0.0335284030000007	0.0901847978000021	0.0746536153000017	0.0507185253000003	0.0210739489000003	-0.0109429641999999	1
0.0001033326929743	1.106494365182695	-0.1065979227557124	0.0542092101194532	-0.064059351810515	0.0313454738682177	0.0001570035738836	-0.0001339958330174	5.501053349769877e-05	-0.0794951091000007	0.0208203068000007	-0.0524361241000017	0.0035116069999992	0.1167770660000029	-0.0515389969000015	-0.0465164771000003	0.0897220992000008	0.0729114752000016	0.0471870168000003	0.0156936827000005	-0.0177182917000013	1
-0.0002147552515113	1.0698671815565055	-0.0696523890668916	0.0478353288094139	0.0841161481414615	0.0317976356947337	-0.0002650099991016	9.097168984943025e-05	0.0002140121526199	0.0407015386000015	-0.0709518447000013	0.0216323528000001	0.0731245357000012	-0.1233549852000024	0.0801505117000012	0.1072331431000024	0.0892409375000015	0.071109323100002	0.0435681289000003	0.0102617583999998	-0.0244025048000004	1
0.0004024912206792	1.0393523785297236	-0.039754872593478	0.0539722004156299	-0.0863524648755047	0.0507730260535092	0.0002189558420737	0.0002730352242125	0.0003229700184938	-0.0236413020999994	-0.0222894860000003	-0.0400096376000015	-0.0215737688000011	0.028836692000001	-0.0099737650000007	-0.0799859391000012	0.088741411800001	0.0692486424000017	0.0398685628000001	0.0047960562000004	-0.0309612306000019	1
-0.0010002327053923	1.0211729508801248	-0.0201726998348386	0.0538396993283655	0.022156820417563	0.0270496876347049	-0.0004750766098851	0.0003253878478699	0.0004710771285462	0.0079857655000009	-0.0307185292000004	0.0068807385999997	0.0255647801000001	-0.0587213301000009	0.0353196107000001	0.078497199300002	0.088223624800001	0.0673309646000019	0.0360951694000002	-0.0006854330000002	-0.0373607416000012	1
0.0317217038232438	0.9774907003495514	-0.0092124426206479	0.0631361099921883	0.0715207381683315	0.0143174370273906	0.0005250193071598	-0.0005709820571141	6.814978312695874e-05	-0.0193082672999995	-0.0099708886999997	-0.0069453694000004	-0.0275970576000012	0.0239956802000007	-0.0509919271000014	-0.0320341836000008	0.087687683200002	0.0653578680000017	0.0322549359	-0.0061646659	-0.0435681289000015	1
0.2984573768440625	0.705345890132327	-0.0038032577053601	0.0680189312053604	-0.1163866550757453	0.0478095678045528	5.696883315803266e-05	-0.0005070034814012	-0.0001229855428676	-0.0217257006999996	-0.0128136574000004	0.0040676358999996	0.0335435614000001	-0.0210601247000004	-0.0478076548000017	-0.0671686296000008	0.0871336971000004	0.0633309768000018	0.0283549738	-0.0116236069999999	-0.0495514717000029	1
0.7092423534594913	0.2921578349098003	-0.0013999265728482	0.0516947850645568	0.0954585442225243	0.0213791106835577	-0.0006819975508809	-0.0003760035495032	9.871726591491473e-06	-0.0030151793999997	-0.0326939888000006	0.0063017296000001	0.0193342790999999	0.0851326881000014	-0.0603044918000012	-0.0617103270000018	0.0865617806000027	0.0612519591000013	0.0244025048000001	-0.0170442872999997	-0.0552800014000019	1
0.9943881101860692	0.0060338610888499	-0.0004234301419175	-0.0094609653349108	-0.04756565931814	-0.097679432925741	-0.0012380951512687	0.0003531710994793	0.0005312185878956	-0.0064278444000003	0.0203408691999998	0.0382871620000007	-0.0525862751000012	0.0202960403000004	0.0025834524999998	0.1256690479000033	0.085972051400001	0.0591225262000015	0.0204048480000005	-0.0224088640000002	-0.0607242596000017	1
1.1191878761431482	-0.1191254143511204	-5.664054686631942e-05	0.0217185231631018	-0.0605381496866223	-0.0141128558016102	-0.0007589769304037	-0.0002480718671372	0.0001889057686375	-0.0471388322000011	0.0467124003000005	0.039624441500001	-0.0711850954000018	-0.0078160522000005	-0.0223456317000007	-0.048932807300001	0.0853646308000015	0.0569444308000018	0.0163694060000005	-0.0276996788000001	-0.0658562496000026	1
1.144452029435894	-0.1444772204272987	4.8925182211444455e-06	0.0309191590622361	-0.0162432126881534	0.0201753361916164	-0.0014890283311504	-0.0007109506897283	-6.752886231384608e-05	-0.0616852131000015	0.0602150644000008	0.0247821004000007	-0.0170175959000006	0.0588420330000008	-0.0122877841000002	0.0042304096000001	0.0847396439000014	0.0547194656000014	0.0123036518000004	-0.0328993162000003	-0.0706495810000025	1
1.1228212625703866	-0.1227537308148008	-1.7376003533344395e-06	0.0379965859908829	0.073047932315177	0.0465257937298026	-0.0011640007707562	-0.0003660062089342	1.078722918119289e-05	-0.0164858192000005	0.0027533797999997	0.0526033466000014	0.0476595391000008	0.0045520309999995	-0.0096770027000002	0.0165858908	0.0840972192000021	0.0524494619000015	0.0082151139000003	-0.0379906609000005	-0.0750796043000021	1
1.0858550718972937	-0.0860600694642501	7.043002007392697e-07	0.0422257479516194	-0.0285816913511653	0.0905095877533488	-0.000849983866555	-0.0006380223014912	5.222885837109663e-05	-0.0455508936000011	0.0098029413999996	0.0063722142000001	0.0489312926000009	0.0481392588000007	0.0651784727000013	0.0636928552000017	0.083437488900001	0.0501362882000013	0.0041113636000001	-0.0429569540000005	-0.0791235388000028	1
1.0526881642335488	-0.0521019312439176	-2.7922674579851346e-07	0.0381424579554316	0.0819909695200638	0.0647339973278952	-0.0011279781462298	-0.0006385421714556	7.464023126852766e-05	-0.0347409615000008	-0.0138990258000006	-0.0340431886000006	-0.0060394787000003	-0.0057912500000005	0.0079683381000002	-0.0098085890000006	0.0827605889000025	0.0477818483000013	-1.4710948631008027e-16	-0.0477818483000004	-0.0827605889000024	1
1.0264011069083392	-0.0278121792022625	1.0710583825842549e-07	0.0379926125514357	0.0942990531115842	0.0718684201358606	-0.0013514742345878	-0.0002771410370382	0.0002083133682353	-0.0170892989000004	-0.0220657431000007	0.0133153041000005	-0.0180087529000006	0.0291051345000001	-0.0422506246000009	0.0406353058000006	0.082066658300002	0.0453880801000014	-0.0041113635999999	-0.052449461900001	-0.0859720514000021	1
1.012612696754541	-0.0133758193096958	-4.185228296005391e-08	0.0379038616191711	-0.0741079903584868	0.0678378491542621	-0.0006709981577393	-0.0003420033309289	9.88526167453112e-06	-0.0616705312000014	0.0086383589999995	-0.0231844628000006	-0.0037395895000002	0.0276378628000004	0.0878463951000016	0.0729728167000021	0.0813558400000006	0.0429569540000011	-0.0082151139000002	-0.0569444308000007	-0.0887414118000033	1
0.8638007696714743	-0.0056239187629858	1.980230914704852e-08	0.0380499417458258	-0.0255096959535746	0.065953011463694	-0.0004650286218745	-0.0005669760738424	-0.0001011316654923	-0.0222476050000003	-0.0126262159000005	0.0160092606000001	0.0780778926000015	0.0542658929000008	0.0407237351000008	-0.0205680247000003	0.0806282803000014	0.0404904708000007	-0.0123036518000005	-0.0612519591000007	-0.0910544289000033	1
0.4758871045702328	-0.0025419298531744	-1.7482356555012222e-08	0.0318332206506833	-0.0079538694651839	0.0184928666479635	-0.0007771161135739	-0.0010199106515965	-0.0002273960390906	-0.0339132501000003	0.0168503198000003	-0.0227514825000008	-0.0444539407000006	0.0106349602000001	0.0273456010000007	-0.0186961927000003	0.0798841288000016	0.0379906609000005	-0.0163694060000008	-0.0653578680000009	-0.0928992083000036	1
0.1134474405491043	-0.0001352861599239	2.920531135159708e-08	0.0285817380169543	0.0042904068228031	0.0657495619767333	-0.0009560404322405	-0.000852955694198	-9.34080148756468e-05	-0.0214954405999999	-0.0015482530999997	0.0148545964	-0.0069333807999994	-0.0306351421000007	0.0132434908000003	-0.0044194248999999	0.0791235388000012	0.0354595815000003	-0.0204048480000008	-0.0692486424000017	-0.0942662634000033	1
-0.078470030744146	-0.0016505803813399	-5.82364181461525e-08	0.0207429693559228	0.0912532710749049	0.1047125027632804	-0.0010550178740785	-0.0007139723621191	-5.287675549407329e-05	-0.065859748700001	0.0107651612000008	-0.0262884053000007	-0.0208828030999995	0.0057721393	0.0206577942000008	-0.0231438120000007	0.078346666700002	0.0328993161999999	-0.0244025048000009	-0.072911475200002	-0.0951485642000028	1
-0.1414621576879581	0.040152820998406	1.1054959992811493e-07	0.0239039551246097	-0.0579317352406306	0.129647402250018	-0.0007280191861842	-0.0008139833749704	-4.629630366879824e-05	-0.0997902460000015	0.0461850145000014	-0.0213425545000008	-0.0294393094999999	0.0652552362000014	-0.0474262035000008	-0.0957439113000016	0.0775536723000007	0.0303119719999998	-0.0283549738000009	-0.0763343096000021	-0.0955415737000036	1
-0.1359909239606606	0.3243514375711018	-1.751589855560475e-07	0.0138738405982651	0.0866476414025355	0.1150797661446638	-0.0008469906963792	-0.0006965115323479	2.7205244728774783e-05	-0.0137992803999999	-0.0042837827999994	0.0460912917000008	0.0768652390000023	-0.0407219607000008	0.039522869700001	0.0382136881000008	0.0767447190000014	0.0276996788000001	-0.0322549359000009	-0.0795058789000025	-0.0954432708000021	1
-0.1031889840839021	0.7332575558945869	1.4536356803467477e-07	0.0252197167890666	-0.0325962977663621	0.1305866017625627	-0.0003820459637479	-0.0006039709916324	-0.0001511152429047	-0.0618440688000007	0.029827288800001	0.0124306797999998	0.0344466965000008	0.0112249295000006	0.0914077300000018	0.0032762058000006	0.0759199731000005	0.0250645864000004	-0.0360951694000011	-0.0824157435000022	-0.0948541610000026	1
-0.0665311533190373	1.00685199261889	4.6297107004208884e-07	0.0206407541366359	0.1002439665090124	0.1331563034735026	-0.001096007555941	-0.0004789875108018	-2.326236193114819e-05	-0.0269954445999999	0.0042073176000007	0.0119657591	0.0426721895000005	0.0235017093000008	0.0122781892000001	0.0111872923000003	0.0750796043000015	0.0224088640000006	-0.0398685628000011	-0.0850543252000024	-0.0937772737000013	1
-0.037544792876855	1.1231949238855714	-3.4188306121873127e-06	0.0166232483453959	-0.1002296681142543	0.1470252631587144	-0.0002049950311641	-0.0006350017011664	1.643486747912529e-05	-0.0324420580999999	-0.0072185675999999	0.0395130911000005	0.0411823613000003	-0.0361282471000003	-0.017480736000001	-0.0475826220000001	0.0742237855999998	0.0197346973000011	-0.0435681289000011	-0.0874129386000025	-0.0922181468000021	1
-0.0188608927786483	1.144028225826632	1.4658161054192476e-05	0.0193391335849916	0.0519167226345866	0.1534510197037847	-0.0011260056387795	-0.0003939796575025	-3.6721535414284336e-05	-0.0527609906000005	0.0167462358000009	-0.0182251152000007	0.0210812892999999	0.0350885306000012	0.0407150361000006	0.0018807030000003	0.0733526932000011	0.0170442873000006	-0.0471870168000013	-0.0894838202000024	-0.0901847978000013	1
-0.0085344810064102	1.1206186726165015	-5.303769557910802e-05	-0.0259899468394757	-0.0309502597199451	0.0266337707746984	-0.0011409425824603	0.001345127829182	0.000659768024245	0.023341931600001	-0.0013355577999997	0.0879901382000017	-0.0153684291000006	-0.0790119480000012	-0.0127390187000008	0.0319459653000012	0.0724665061000003	0.014339848500001	-0.0507185253000011	-0.0912601531000029	-0.0876876832000009	1
-0.0034902119324103	1.0834664973790806	0.000177826756028	-0.0306105048085097	0.0953740449154742	0.0663497817334829	-0.0014917900681153	0.0012496584323649	0.0004639323368689	-0.0133078002999998	0.014119650900001	0.0062957456999999	-0.0416282816000012	-0.0454868487000004	0.0556589871000011	-0.0263966968000007	0.0715654069000021	0.0116236070000005	-0.0541561147000014	-0.0927360906000025	-0.0847396439000005	1
-0.0012689374265978	1.0507303330774165	-0.0005365784743979	-0.0305885624211328	-0.0872057999407348	0.0692402890508999	-0.0013458206575226	0.0012141481724831	0.0005268176934837	-0.0102775379999995	0.0183788572000007	0.0354263606000004	-0.0240269606000009	-0.0128500199999997	-0.027943292700001	-0.0477562343000003	0.0706495810000002	0.0088977982000006	-0.0574934194000014	-0.0939067741000026	-0.0813558400000012	1
-0.0003719292326582	1.0253257967518803	0.0012919111637374	0.0341344903710447	0.0367447446425608	0.056427495122936	-0.001026008417074	-0.0001819462567237	-0.0001050933024783	-0.0125825052999996	0.0105024691000006	0.0090559913999995	-0.0036398796000002	-0.0610903905000006	0.2590507418000054	0.0604162833000015	0.0697192167000013	0.0061646659000001	-0.0607242596000019	-0.0947683504000019	-0.0775536723000019	1
-4.166258023176319e-05	1.0099393781209924	0.0027115421922332	0.0049495809276853	0.1804682370733855	0.053522283908056	-0.0022401093651325	0.0004039060656943	0.0005304526268611	-0.0149133140999997	0.0392416289000016	0.0218647205000003	0.0298279942000001	0.0937779815000023	-0.0790481256000015	-0.0285749989000009	0.0687745056000024	0.0034264595	-0.0638426524000016	-0.0953179834000026	-0.0733526932000003	1
4.394967474050004e-06	0.8442950818201675	0.1611377784371431	0.0171204917305224	-0.117129145724805	0.0725241356007766	-0.0011790021198136	2.4952787727344743e-05	8.001479091531448e-05	0.0256595397000014	-0.0006278378999998	0.066521911400001	0.0360970201000004	-0.0410363380000004	0.0105055649999997	-0.0981756745000015	0.0678156420000002	0.0006854330000002	-0.0668428233000016	-0.0955538639000022	-0.0687745056000023	1
-2.796752977334806e-06	0.4483211613365686	0.5537790530541864	0.0211246298576814	0.1674002900779935	0.1795322627220527	-0.002081755325731	0.0007222674463788	0.0007042529482619	0.0128631112000005	-0.0322902075000001	0.0154626210000005	0.0503880388000008	-0.0532400174000007	0.0018282968000001	0.0211910143000001	0.0668428233000019	-0.0020561578	-0.069719216700001	-0.0954752155000027	-0.0638426524000006	1
4.463499009353282e-06	0.095748934926422	0.9049476575464728	0.0164492153595009	0.1116715860581221	0.1183681830174417	-0.0022977357387117	0.0014658594095174	0.0009941862608103	-0.0045512693999998	-0.0075782500999997	0.0024431159000001	0.0046868864999997	0.0862629320000026	-0.0367476964000005	0.0700794007000015	0.0658562496000014	-0.0047960562000007	-0.0724665061000007	-0.0950822971000024	-0.0585824951000012	1
-1.0610843697796865e-05	-0.0858045343339459	1.085967460398947	0.010755060392099	-0.2544032429229657	0.05670486499989	-0.0008602661689988	0.0009467597488378	0.0005604078271238	-0.0162722136999996	0.0365107420000005	0.0077227318999996	-0.0251986581000008	0.0338981931000018	0.0046435638999997	-0.0480999901999997	0.0648561240999991	-0.0075320070000008	-0.075079604300001	-0.0943764019000017	-0.0530210836000037	1
2.7210852194960705e-05	-0.1426374157579955	1.1426076927237014	0.0006745024923297	-0.0225275330700335	0.1542208509559125	-0.0015086634688882	0.0012321935421933	0.0010729310308149	-0.0280440247000002	-0.0097259143999999	-0.0067066393	-0.0056447873000004	-0.0263655869999997	-0.0220034774000003	-0.0797448933000016	0.0638426524000011	-0.0102617584000008	-0.0775536723000007	-0.0933598536000022	-0.0471870168000018	1
-6.958402898261636e-05	-0.1343618466279695	1.1344331043068203	0.0028965258803027	0.1696133698751657	0.1249161257487438	-0.0020698783181821	0.0015238180554999	0.0011470799300093	0.0515717488000013	-0.0636980740000009	-0.0108759148	0.0896340553000017	0.0375898226000016	-0.0421863415000004	0.0318163007000002	0.0628160431000023	-0.0129830636000013	-0.0798841288000009	-0.0920359983000021	-0.0411102958000008	1
0.0001748460907243	-0.1007383691395197	1.1005628956585285	0.0145743332201393	-0.0295481276172765	0.1170937100043576	-0.0008167877916987	0.0014020383679367	0.001123073958819	0.0341705929000013	-0.0622957317000012	-0.0710119327000019	0.0040017804999998	0.0066946601000011	0.0282764564000007	-0.0356122843000005	0.0617765075000012	-0.0156936827000013	-0.0820666583000014	-0.0904091936000014	-0.0348221695000023	1
-0.0004164667444261	-0.0643475469619505	1.0647642139469775	0.0099448996053588	0.1424942094754872	0.1946805477998091	-0.0016762605092767	0.0016582384199685	0.0009113916672774	0.0866131931000021	-0.1475354978000028	-0.0250534879000003	0.0656830260000013	-0.0739877375000009	-0.0253211234000003	0.0366048936000004	0.0607242596000018	-0.0183913846000009	-0.0840972192000011	-0.0884847944000021	-0.0283549738000005	1
0.0009237287424254	-0.036023459157776	1.0350996745349168	0.0093969162487471	0.0881465255897634	0.1427035379697266	-0.0005518894764902	0.0012128235893387	0.0006423354203292	0.0058902017000005	-0.0463097331000006	-0.1573526923000036	-0.0809306866000019	-0.0238423854999995	-0.0021502344999997	0.0085982363999999	0.059659515700002	-0.0210739489000013	-0.0859720514000015	-0.0862691351000014	-0.0217419657000011	1
-0.0020329624632369	-0.0179685185435235	1.0200014943671394	0.034694878903666	0.1284615223004698	0.1541160859500687	-0.000697841174202	0.0013363255467486	0.0005099671645116	0.0422393238000013	-0.0665788296000011	-0.049080910500001	0.0041062046999998	-0.0468801423000003	-0.0417375000000007	-0.0308081976000011	0.0585824951000021	-0.023739167700001	-0.0876876832000014	-0.0837695089000017	-0.0150171519000009	1
0.0540495391681895	-0.0080773999346881	0.9540278586780684	0.0361903508661505	0.004532114866093	0.1885858137960563	-0.0006487805922194	0.0011293419122857	0.0004963673110502	-0.0190021239	-0.0192802226000003	-0.1010234488000024	-0.0580510810000013	-0.0139418067999993	0.0430579269000009	0.0683399075000018	0.0574934194000005	-0.026384847300001	-0.0892409375000014	-0.0809941435000017	-0.0082151139000011	1
0.3615947604060544	-0.0032806502262311	0.6416858894290414	0.0415074989388134	-0.0565269043590045	0.2239129401088073	-0.000259119368235	0.0010139701422263	0.0002351311164991	-0.0248364500000001	-0.0137983075000004	-0.0436386358000008	-0.033723844500001	-0.0750081406000013	-0.033745169800001	-0.1182921641000023	0.0563925126000005	-0.0290088101000004	-0.0906289382000015	-0.0779521747000016	-0.0013708306000012	1
0.7656317704797169	-0.0011817316862728	0.235549961751033	0.0298002284822155	0.1086562589411099	0.1979306719143674	-0.0017093271406645	0.0014226102045151	0.0004547156621534	0.0128058378000001	-0.0323811355000007	-0.0348096669000006	0.0415383613000007	0.1338248322000029	-0.0470324730000008	0.043982246700001	0.0552800014000011	-0.0316088963000008	-0.0918491150000016	-0.0746536153000017	0.0054805020000005	1
1.0230791273941562	-0.0003378022526065	-0.022741325538806	0.0661347389501691	-0.0949640915471286	0.1694157044464823	-0.0010391076162576	0.0010708961469126	0.0002000564227704	-0.0069007575000001	0.0408474939000001	-0.0181566843000004	-0.0548296456000012	-0.0355733832000009	-0.0051909293000007	0.0396587552000016	0.0541561146999993	-0.0341829658999998	-0.0928992083000019	-0.0711093231000014	0.0123036517999991	1
1.128125537385009	-3.211438378739422e-05	-0.1280934228212744	0.043107197029996	0.0733409988810789	0.2082147475389927	-0.00217386290832	0.0014309501448286	0.0005070561587205	-0.0212117014000008	0.0168027465	-0.0360385208000006	-0.0146428295000003	0.0372610098000004	0.0357495374000007	0.0061936003000001	0.053021083600001	-0.0367289002000003	-0.0937772737000019	-0.0673309646000013	0.0190635313000006	1
1.143147281457413	3.0466273369254032e-06	-0.1431503281978049	0.0374902384604485	-0.0914694197710603	0.1472404920571824	-0.0004742438950143	0.0011553990160026	0.0004207742597025	-0.0131074654000002	0.0310448184	-0.0244342206000005	-0.0357144642000008	-0.0045032218000005	-0.0642444215000018	-0.1155973829000021	0.0518751419000002	-0.0392446037000001	-0.0944816852000021	-0.0633309768000009	0.0257253785999996	1
1.1174466168698824	-1.070860343990086e-06	-0.1174455459857928	0.0303401422140853	0.1043948229970082	0.12935196315431	-0.0018150513251771	0.001618387467302	0.000677970522611	0.0808184262000013	-0.0020944585000004	0.0634319374000016	0.1068755551000024	0.0038697495999997	0.0162636396000002	0.0836398333000017	0.050718525300001	-0.0417280058000005	-0.0950111383000019	-0.0591225262000014	0.0322549359000013	1
1.080171340104144	4.668077273031979e-07	-0.0801718069496621	0.0432952928438928	-0.0326879665652784	0.1197479027805065	-0.00126693568409	0.0016616667105886	0.0005240529619506	0.0187031770000003	0.0455807236000004	-0.0271137004000007	-0.0553171311000011	0.0095881534000001	0.0287790760000003	0.0096934676000005	0.0495514717000004	-0.0441770624000005	-0.0953646527000021	-0.0547194656000007	0.0386186257000001	1
1.048010323110523	-2.005037572878191e-07	-0.0480101226206801	0.0564851983235714	0.0916091965869156	0.1562438623262105	-0.0011709046138445	0.0014271704550652	0.0005653364105544	0.0415053600000007	0.0069013889999998	-0.0066380808	0.0451006629000009	-0.0113572762000006	-0.0156001391000004	-0.0142262348000005	0.0483742215000013	-0.0465897578000006	-0.0955415737000022	-0.0501362882000007	0.0447837232000008	1
1.0240218554213438	8.218045135775722e-08	-0.0240219376344674	0.0057539201377476	0.1446415478146865	-0.0083285237891424	0.0002583279177957	0.0008140549058935	0.0004228948760442	0.0736753501000013	0.0356622002000006	-6.18922000000135e-05	-0.0725237338000014	0.0069271301000001	0.0197203610000005	0.068581792900001	0.0471870168000021	-0.0489641061000009	-0.0955415737000023	-0.0453880801000006	0.0507185253000017	1
1.0050985839814666	-3.2845129348970764e-08	-0.0050985511519749	0.0354686805762154	0.0546649301345065	-0.4701069137315398	0.005894263022517	-0.003814056074691	-0.0006812689780853	0.1397350502000035	0.0125071567999999	0.1762688085000029	-0.092032993300002	0.138506488700003	0.0519977944000014	-0.024311342300001	0.045990102000003	-0.0512981531000016	-0.0953646527000032	-0.0404904707999988	0.0563925125999992	1
0.8149875371888823	1.2857836745269922e-08	0.1850124499098136	0.0138078437536939	0.1167737909661061	-0.0519316764284776	-0.0005406297050407	-0.001011928236518	-0.0002562732591394	0.0423841998000008	0.0732639469000016	0.0310564861000003	0.0348020755000006	0.2425257992000056	-0.0357304939000003	0.1434370941000032	0.0447837232000011	-0.0535899776000019	-0.095011138300002	-0.0354595815000003	0.0617765075000017	1
0.4102586040912445	-4.936624575770779e-09	0.5897414008760875	0.0218063379498959	-0.058135100343323	-0.1064629680745072	-0.0002600649066705	-0.0011569847308718	-0.000112150348711	0.1018599940000026	0.053634547300001	0.0519805323000004	-0.0783133256000017	0.0005367760000007	0.093706792900002	0.0094635894000004	0.043568128900001	-0.0558376933000018	-0.0944816852000021	-0.0303119719999996	0.0668428232999998	1
0.072354448322292	1.860988868136769e-09	0.9276455496388144	0.0253475708118876	-0.1462150588877785	-0.0961544094298261	0.000415380372377	-0.0011040417365644	-0.0002162706386789	0.1159876290000033	0.0438830977000008	0.0849621650000011	-0.0039382841000003	0.0094983800000011	-0.0325262936000008	-0.1015490423000017	0.0423435691000003	-0.0580394502000021	-0.093777273700002	-0.0250645863999995	0.0715654068999991	1
-0.0951409780140274	-6.915632982361798e-10	1.0951409790953048	0.0351934107232247	0.1718756897948602	0.0024076122007023	-0.0013679496238962	-0.0004676552023291	0.0002261807025457	0.118383664600003	-0.0084274315999997	0.0165719475000001	-0.0191771638000005	-0.0670619913000005	0.032964362400001	0.0325594979	0.0411102958000024	-0.0601934360000023	-0.0928992083000017	-0.0197346972999998	0.075919973100001	1
-0.1437871823834594	2.59729322284472e-10	1.1437871809641496	0.0292288110945549	0.0603102367233956	0.1455941636063646	-0.0017120157914068	4.5084041637005486e-05	0.0004860392300194	0.0494493750000016	0.0055063246000005	-0.0755400704000019	-0.0463956058000013	-0.0350797626999997	-0.0488703970000008	-0.0577596961000014	0.0398685628000014	-0.0622978778000022	-0.0918491150000015	-0.0143398484999998	0.0798841288000009	1
-0.1319930436778518	-1.1318373700547336e-10	1.131993046806484	0.018157923247699	0.1008188777876173	0.1807840366695825	-0.0023142928696567	-0.0008180988112602	0.0005160543687507	0.0695833469000018	-0.0298914215000002	-0.0279717547000005	-0.0085541799000004	-0.0915776022000011	-0.1026671848000021	-0.0073386618000003	0.0386186257000011	-0.064351043500002	-0.0906289382000013	-0.0088977982000003	0.0834374889000018	1
-0.0970885475283723	8.486698136042602e-11	1.0970885394504135	0.0335899285978059	0.0318844362965642	0.3375519173499314	-0.0025921672150509	-0.0007641584711919	0.0008920118936872	0.0301413672000009	-0.0305420589000004	-0.0180071637	-0.0034052260000004	-0.0873454837000012	-0.1415762545000033	-0.0073770183999997	0.0373607415999996	-0.0663512432000015	-0.0892409375000007	-0.0034264595000009	0.086561780600002	1
-0.0618665190686989	-1.204843823712858e-10	1.0618665396689293	0.0515243142778284	0.2974167188102563	0.3263521160587477	-0.0002240788646138	0.0011129823687337	0.0001421245002521	-0.0172938018000003	-0.0197035919999996	-0.0680976406000009	0.0050929511999998	0.0018037240000007	-0.062679328900001	0.0590424225000005	0.036095169400002	-0.0682968306000021	-0.0876876832000009	0.0020561577999993	0.0892409375000031	1
-0.0327740999994456	2.0044158712564269e-10	1.0327740481004524	0.0584040875879035	0.0412332196113414	0.1511631122786843	0.0001400558721681	0.0003874796848484	-0.0002880271848959	0.0383996579000013	0.0505187760000013	-0.0818447539000021	-0.0563083001000014	-0.007583803299999	0.0154113625000003	0.0564772060000013	0.0348221695000006	-0.0701862042000024	-0.0859720514000015	0.0075320070000007	0.0914611824000007	1
-0.0191124617973953	-2.6293094564675506e-10	1.019112589368416	0.0373847866864306	0.020987820061619	0.2040954383128659	0.0014639554907143	-0.0003201886580877	-0.0002572648105286	0.036582153200001	0.0702556411000017	-0.0251606612000005	-0.0254370468000006	-0.0913600089000009	-0.0087815577000003	0.078378736100002	0.0335420038	-0.0720178090000019	-0.0840972192000011	0.0129830635999999	0.0932110979000015	1
0.0629445650833463	-5.582808816438786e-12	0.937055129112147	0.0470713976947217	0.0196722731056687	0.3937418296568942	-0.0008101900675316	-0.0009047784484658	0.0006861342680476	-0.0741050323000016	0.0679006292000017	-0.0007705135999995	-0.0525423354000013	-0.1197253270000019	-0.0076118350000004	0.028703726600001	0.0322549358999992	-0.0737901375000014	-0.0820666583000003	0.0183913845999992	0.0944816852000023	1
0.396649225531971	1.8607562947913495e-09	0.603351484191711	0.0497484056386948	0.1101460497182535	0.368105483298355	-0.0009259100062509	-0.0004676787257892	0.0003862836316927	-0.0426403480000011	0.0214599790000006	0.0136145711000008	0.0221694288000002	-0.0908714826000018	-0.0272488158000006	-0.037960703500001	0.0309612306000005	-0.0755017308000014	-0.0798841288000007	0.0237391676999998	0.0952664105000027	1
0.7955075755788282	-9.704911442962222e-09	0.2044908444317571	0.0557800776341962	0.1349890111696797	0.228913058555538	-0.0002019968227301	0.0001400041907389	-4.098588098279603e-05	0.0254686819000004	0.0340474001000007	-0.0013923258999998	0.058036299800001	0.0434424464000007	-0.1073868613000023	-0.0094049515000004	0.029661154100001	-0.0771511802000017	-0.0775536723000015	0.0290088101000007	0.0955612383000023	1
1.0377358414986129	3.78252005826625e-08	-0.0377325277966412	0.0554597051581562	-0.0697222778164406	0.0845920555977703	0.0010083765274055	-0.0003978090205864	-0.0006117994221295	0.0660361244000014	0.0817354790000011	0.0531244570000009	-0.0397366864000008	-0.1135336948000025	0.0004113698999994	0.029186562400001	0.0283549737999995	-0.0787371281000011	-0.0750796043000018	0.0341829659000012	0.0953646527000009	1
1.1322849030523792	-1.3028534028328341e-07	-0.1322912151779096	0.0597817060399848	0.1061607014242444	0.1318379872154375	0.0005780017776043	2.294476744109648e-05	-0.0001910064463702	0.0495998027000008	0.0709700196000011	0.036760567500001	0.0052289205000002	-0.1501053707000036	-0.032821941700001	0.0114398525999997	0.027042958700001	-0.080258269000001	-0.0724665061000017	0.0392446037000012	0.094677664500002	1
1.1419351441114272	4.180105856453595e-07	-0.1419252398942371	0.0455953295274721	0.2153181797102389	0.008512376585205	0.001730003264326	0.0007709945874474	-7.16686412110634e-06	0.055862214800001	0.0858148609000017	0.0488931448000011	-0.0291277220000006	0.1236375249000024	-0.1104308995000021	0.0283725182999998	0.0257253786000022	-0.0817133510000019	-0.0697192167000018	0.0441770624000017	0.0935038064000024	1
1.114178509453639	-1.2787213981072863e-06	-0.114186038467139	0.0393140751303336	-0.0950814493799206	-0.0069835239561623	0.0016659820999242	0.0005210535273698	6.406593807982919e-05	0.0733841201000016	0.1257741740000019	0.1169474164000023	-0.0374006338000007	-0.0598471454000013	-0.0419391052000015	-0.0017479372999996	0.0244025047999996	-0.0831011765000013	-0.0668428233000016	0.0489641061000017	0.0918491150000008	1
1.0769420442818505	3.7733987365144656e-06	-0.0769767073105349	0.0686173558171816	0.1370358896680702	0.2746209537728997	0.0008509547984867	0.0012490336156382	7.196880016764762e-05	0.0175825609	0.0141403377	0.0720294343000019	0.1081567861000022	0.0714756832000011	-0.0650244699000014	-0.0041132370000003	0.0230746094000006	-0.0844206031000016	-0.0638426524000011	0.0535899776000012	0.0897220992000023	1
1.0453176002231546	-1.0804137885056665e-05	-0.0451050623643403	0.1094410424611009	0.272148833692627	0.6717494560708612	0.0019573493312897	0.0024751235070961	0.0001230783725943	-0.1511134768000042	-0.0240392856000003	0.0271355927000017	0.064110250700001	0.2379086807000046	-0.0215217726000004	0.1159988228000025	0.0217419656999996	-0.0856705448000013	-0.0607242595999998	0.0580394501999996	0.0871336971000041	1
1.02294722042428	3.02151129398295e-05	-0.0234247938378199	0.0957119058608391	0.0297160479059348	0.4535884320051235	0.0032720735916466	0.0021609057631631	-6.203504943696014e-05	-0.0467955128000013	-0.0455662303000014	-0.0238868682000004	0.0041230917000001	0.0056808162	0.1795587137000036	-0.0222705090000003	0.0204048479999999	-0.0868499729000016	-0.057493419400001	0.0622978778000017	0.0840972192000011	1
0.9987667539978632	-8.283672845758535e-05	-0.0109257894538856	0.0981278652569003	0.0328573448380773	0.3896104689998947	0.0030610590327497	0.0019164282250833	-5.093404946442421e-05	-0.0147899074000004	-0.0127788505000007	-0.0266408921000005	0.0546901085000011	-0.0508585500000014	0.0154285314999999	-0.0504611666000011	0.0190635312999999	-0.0879579165000015	-0.0541561147000012	0.0663512432000019	0.0806282803000007	1
0.7835599432617867	0.0002231965311398	-0.0046072644112727	0.109721978246159	0.0279934507560981	0.424905750537736	0.0036559802817188	0.0017110699981643	3.687165130284928e-05	-0.0004792556999999	-0.0665564775000019	-0.0553011838000013	0.0345574972000009	-0.0392645634000009	0.0336316641000003	-0.0002950783999997	0.0177182916999995	-0.0889934638000018	-0.0507185253000013	0.070186204200002	0.0767447190000004	1
0.3729884081837244	-0.0005722005135318	-0.0017414376687204	0.0874168981036293	0.1807428025075956	0.2026001416609973	0.0012996789685797	0.000874229510016	-0.0004165680982848	0.0090196424000005	-0.0385030063000006	-0.1045196499000028	-0.0490114800000005	0.0084080326000001	-0.059897901200001	-0.0505195122000017	0.0163694060000017	-0.0899557625000028	-0.0471870168000019	0.0737901375000027	0.0724665061000003	1
0.0504448911958278	0.001342422801079	-0.000558278780379	0.0286666639023988	-0.0993717773904907	0.2076984304578847	0.0011550463376456	0.000613912904181	-0.0001518543951343	0.0541058503000015	0.0036404017999999	0.0048454877999994	-0.0327034821999996	-0.1133381097000019	-0.028753375000001	0.0882223988000029	0.0150171518999982	-0.0908440203000025	-0.0435681289000014	0.0771511802000015	0.0678156420000001	1
-0.103484725794136	-0.0023043568583349	-0.000101179150428	0.0357886823142762	0.0893179054196766	0.4839850674755057	-0.0007628359567592	-0.0005552254599543	0.0005912880866845	-0.0961680839000022	0.0067549163000006	0.0433766779000014	-0.0682290675000005	-0.1435522208000033	-0.1241793127000028	-0.0274837677000003	0.0136618074999988	-0.0916575064000018	-0.0398685628000001	0.0802582689999999	0.0628160431000022	1
-0.1445071271453761	0.0836620888342597	5.542699640039643e-06	0.1050666745629653	0.3071719559021507	0.809489323345153	-6.342024713543441e-06	-0.0016499990965659	0.0007979964114441	-0.1492907055000036	-0.0656420898000002	0.0571765551000022	-0.0680963447000009	0.1612304548000032	-0.0194545499000001	0.0729280257000016	0.0123036517999992	-0.0923955510000021	-0.0360951693999992	0.0831011764999989	0.0574934194000034	1
-0.1292818836447296	0.4271748889725378	-2.1481495795093253e-06	0.1228707399312746	0.1460609898314839	1.2416252775343746	0.0108012182297646	-6.900267346049369e-05	0.0007408983071664	-0.1369090968000032	-0.1707625994000028	0.0899097238000034	-0.1441945441000029	0.1167848353000025	0.1580486869000028	-0.0438077963000002	0.0109429641999975	-0.0930575468000006	-0.0322549358999984	0.0856705447999977	0.0518751419000034	1
-0.0938504594438361	0.8178099622835168	8.288034834758876e-07	0.1612672182618721	0.0077983160661431	1.32702312024886	0.014689409272545	0.0003256904301825	0.0005001402251248	-0.1248183800000027	-0.0883142021000012	0.1773523765000054	-0.1007029648000028	0.1513055233000033	0.1706721206000025	-0.1006572249000009	0.0095800246999962	-0.0936429487999998	-0.0283549737999981	0.0879579164999974	0.0459901020000027	1
-0.0584278801283523	1.0479916125456	-3.020115659024727e-07	0.1010572358369184	-0.0902784507879215	1.1288458343486305	0.0171709004174341	-0.0012160666036985	6.094268185131504e-05	-0.105118305700002	-0.0971146711000016	0.100196488100003	0.0377160621000001	0.0068746473000004	0.1946536466000031	-0.2009527728000031	0.0082151138999971	-0.0941512753000002	-0.024402504799999	0.0899557624999987	0.039868562800002	1
-0.0319938131236042	1.1348987628344782	1.0427962297786965e-07	0.0631303167018298	0.0243361222184138	0.518361758567115	0.0156277924116672	-0.001898747643548	-0.0009122223710378	0.010692323100001	-0.0817395563000014	0.0261123478000001	0.2165277073000043	-0.0002541213999994	0.1049590172000018	-0.1193492331000021	0.0068485125999998	-0.094582107800002	-0.020404848000001	0.0916575064000016	0.0335420038000007	1
-0.0156482176961634	1.140868407500318	-3.4936552765630355e-08	0.0886550121621939	0.2141903791366826	0.8797823461277176	0.0160689085476927	-0.0033440346074665	-0.0010967072666683	-0.0154038785999997	-0.2731419757000052	-0.1367841193000031	0.0998819027000016	0.0236312601000008	0.1737360790000037	-0.1213491850000027	0.0054805020000009	-0.0949350916000017	-0.0163694060000007	0.0930575468000012	0.0270429587000019	1
-0.0069070206405038	1.111831937404613	1.1276053353883536e-08	0.0700481355115161	0.4603909329555082	0.6859287413336322	0.0112121838907757	-0.0028140041087296	-0.0007877537961968	0.0245744945000008	-0.2483559899000045	-0.1641320804000033	0.0517405305000007	-0.0271064430000003	-0.0751294986000015	0.1017253291000014	0.0041113636000018	-0.0952099364000016	-0.0123036518000006	0.0941512753000009	0.0204048480000035	1
-0.0027511560425266	1.0746441063569292	-3.4519641255883932e-09	0.0364562891566045	0.018608858344746	0.4407904415217178	0.0105999537277987	-0.0030099916240281	-0.0008300707278832	0.0288895694000013	-0.1483716649000031	-0.1695342616000045	-0.0967152169000022	-0.001956197699999	0.0182102876999998	0.1251265726000036	0.0027413791999987	-0.095406415900002	-0.008215113900001	0.094935091600002	0.0136618075000006	1
-0.0009640933273597	1.043376047945001	9.73378001963871e-10	0.0443764642764397	0.060407676702823	0.4808058833234745	0.0098494530896041	-0.0032932879001129	-0.0007518016260019	-0.0955115773000014	-0.0566124060000007	-0.1188738703000028	-0.1385936983000035	-0.0204751188999998	-0.0585990338000016	-0.1269951573000025	0.0013708305999998	-0.0955243683000016	-0.0041113636000004	0.0954064159000018	0.0068485126000006	1
-0.0002530434158449	1.022361765790461	-2.3552602752887677e-10	0.0670464181329193	0.2099803121673749	0.408435646780551	0.0103609617569495	-0.0033930202735958	-0.0010479553451148	-0.0656211314000009	0.0034562217000008	-0.039780217500001	0.0067967928999997	0.0766771747000022	-0.0159869542000003	0.0270536745000005	4.591952327857053e-16	-0.0955636965000021	-2.9421080849608683e-16	0.0955636965000016	1.0837398737712481e-15	1
-1.2492830337392876e-05	1.0103606773200626	3.721365028274487e-11	0.1062382566340035	0.1106990308131085	0.3497035410848967	0.0099854928942337	-0.0049961105779627	-0.0008940838012639	-0.0621825466000005	0.0567488668000017	0.0040548557999996	0.0157347213999998	0.0109562211000006	-0.0070791108000004	-0.0353785445000006	-0.0013708306000001	-0.0955243683000019	0.0041113635999996	0.095406415900002	-0.0068485126000005	1
9.626684729541903e-07	1.0043396402389153	5.808730727825341e-12	0.0954995551393155	0.2635086151044714	0.3261645999999035	0.0095383102202661	-0.0049942588693497	-0.0007592031479788	-0.0018158004999994	-0.0033568120999994	0.0154678243999999	0.1223158999000024	-0.0204444737	0.0632157953000014	0.0496003835000006	-0.002741379199999	-0.0954064159000023	0.0082151138999995	0.094935091600002	-0.0136618074999997	1
-1.2310830614886377e-06	1.00162805760501	-9.691003314340477e-12	0.0869378464140761	0.1198354979678692	0.3310684757965035	0.0096512554418841	-0.0049924506680834	-0.0005824242622021	-0.0553133757000005	0.0277973122000011	-0.0316499075000012	-0.0004897738000002	-0.0195730566999998	0.0747258778000014	0.0249180776000006	-0.0041113636	-0.0952099364000021	0.0123036517999997	0.0941512753000022	-0.0204048480000006	1
3.3521261850036567e-06	1.0005097597474213	6.425099386247241e-12	0.0909097889255885	0.086472836200343	0.3883540348997101	0.0104475427582233	-0.0052080977552216	-0.0006563168645875	-0.0635905377000005	0.0154658839000008	0.0027294922999996	0.0751963343000011	0.0196204130000007	-0.0193993518000006	-0.1116291181000022	-0.0054805020000001	-0.0949350916000021	0.0163694059999998	0.093057546800002	-0.0270429587000009	1
-9.869212866579728e-06	1.000095354487006	-3.4385580640605174e-12	0.090321164281821	0.2494181038449889	0.3242536739929749	0.0094490759227138	-0.0044700305635628	-0.0007224005820898	-0.0024248438999994	0.0117573268000009	0.0217443786000002	0.1140145091000022	0.0027786806000004	-0.0229851395000005	0.059086689800001	-0.0068485125999995	-0.0945821078000022	0.0204048479999999	0.0916575064000017	-0.0335420038	1
2.888963341681987e-05	0.9999654517520152	1.6492831434171242e-12	0.0688178659808202	0.0578473813950907	0.3345923528537938	0.0091027807659278	-0.0046273519704528	-0.0006019525887263	-0.0620447104000007	0.0349203336000011	-0.0257118079000011	0.0231879633000002	0.0201695327000011	0.0331454226000004	0.0263921538000011	-0.0082151139000009	-0.0941512753000021	0.0244025048000001	0.0899557625000019	-0.0398685628000009	1
-8.269810370686836e-05	1.0000847848791774	-7.52799043609551e-13	0.074711375238254	0.1194725277461399	0.3790832232520006	0.0093501464306372	-0.005229920401422	-0.0005950676114692	-0.0349378588000001	-0.0228628488	-0.0082253076000005	0.0693698285000011	-0.0510181415000007	-0.0061875743000003	-0.0525858040000011	-0.0095800247000002	-0.093642948800002	0.0283549738000001	0.0879579165000017	-0.0459901020000008	1
0.0002323442928812	0.9997668421993976	3.194636031290969e-13	0.0494459900802315	0.2705064350619477	0.1605485992269604	0.0092243360253103	-0.0044668866848244	-0.0006029148117825	-0.0053351804999995	0.0189067710000011	-0.0012261555000004	0.0377126517000006	0.0356163592000013	-0.0118873749	0.0355731247000002	-0.0109429641999986	-0.0930575468000026	0.0322549359	0.0856705448000021	-0.0518751419000003	1
-0.0006185841839859	1.0006188880981188	-1.4005060289421077e-13	0.0444885418024661	-0.0065247438138857	0.1919029165216738	0.0095098848072472	-0.0048596786013675	-0.0007469151353358	-0.0538231461000003	0.0651694311000018	0.0127592751999996	-0.031009671900001	0.058631034400002	-0.0542246060000014	-0.0543586208000005	-0.012303651800001	-0.0923955510000022	0.0360951694000003	0.0831011765000019	-0.0574934194000017	1
0.0014749837529971	0.9985249077048954	5.055040363659624e-14	0.0477932367846575	0.1299634022213496	0.2428448526200427	0.0093154928260877	-0.0052181881561014	-0.0006542142770207	-0.0099096616999997	0.0381241926000013	0.0654978155000012	0.0960984052000018	-0.0957360785000016	-0.0173515431000005	-0.0108761316000002	-0.0136618075000003	-0.0916575064000019	0.0398685628000006	0.0802582690000013	-0.0628160431000008	1
-0.0017601500537772	1.0017601878806184	-2.663683295095172e-14	0.0222737747852763	0.2596342562478938	0.1737486745967133	0.0089533273375011	-0.0047960616838248	-0.0007690497717537	-0.0342800274000003	0.0746955219000025	0.0115302471	0.0399964294000006	-0.0089236628999995	-0.0125450735	0.0200346918999999	-0.0150171518999989	-0.0908440203000024	0.0435681289000006	0.0771511802000014	-0.067815642	1
0.1044600183242205	0.8955399687930349	3.975088282227253e-15	0.0114747540004884	0.2056623992725266	0.0953638344938283	0.0089910545213709	-0.0052023107112964	-0.0008181338075055	0.0042870300000004	0.0718786004000022	0.0468581168000008	0.0171305356000002	-0.0132366531999996	-0.0453244615000008	0.0858144504000017	-0.0163694059999997	-0.0899557625000022	0.0471870168000008	0.0737901375000012	-0.0724665061000002	1
0.4659579297412965	0.5340420744884975	-7.664232632713084e-15	0.0063781722633667	0.0311907870231338	0.1136966246147076	0.0090021686159246	-0.0052317347836358	-0.0005789685855726	-0.0539213264000009	0.0990706543000023	0.0207522205000001	-0.0109346940000003	-0.0354891978000003	0.0098319537000002	-0.0272698280000003	-0.0177182917000005	-0.0889934638000021	0.0507185253000009	0.0701862042000017	-0.0767447190000016	1
0.8461573508345683	0.1538426477140541	-2.7110564966267867e-15	0.011703184608862	0.2215929586488705	0.1074082697764319	0.009455040673658	-0.0053861882963335	-0.0004320480425981	-0.0540391141000014	0.0944620310000022	-0.0041400837999999	0.0007114219	0.0409678375000009	-0.0344040024000002	0.0392830470000003	-0.019063531299999	-0.0879579165000023	0.0541561147000012	0.0663512432000017	-0.0806282803000009	1
1.0608529751305005	-0.0608529745014363	-4.2446345511003676e-15	0.0109793507831453	0.1242034714293535	0.1017514079011796	0.009107178887533	-0.0054168434022887	-0.0003748457691368	0.0109805319999998	0.0640769187000011	0.0739749606000018	0.0541316846000012	-0.0598509787000014	-0.0575532603000011	0.0400388513000007	-0.0204048480000001	-0.0868499729000018	0.0574934194000015	0.0622978778000013	-0.0840972192000014	1
1.1379216724303516	-0.1379216731857974	-4.036620203047718e-15	0.012719428440576	0.1686637209057125	0.127454367135048	0.0086810189662696	-0.0049711184792161	-0.0004614335842817	0.0298377255	0.0422846900000006	0.0636722811000017	0.0964031702000022	-0.0662135800000016	0.0041029941000003	0.0465520796000005	-0.0217419656999997	-0.0856705448000019	0.0607242596000015	0.0580394502000014	-0.0871336971000014	1
1.139196420130202	-0.1391964186787313	-3.5301350088830316e-15	-0.0062600163508939	0.1739346800533782	0.047658385236662	0.0090514355727794	-0.0052970623668673	-9.503277683402202e-05	-0.030570327500001	0.0797594033000016	-0.048722537100001	-0.0775632923000014	0.0187585117000005	0.0444511008000015	0.0430639922000004	-0.0230746093999991	-0.0844206031000023	0.0638426524000014	0.0535899776000019	-0.0897220992000015	1
1.108409298366182	-0.1084093015518323	-4.6788841460141415e-15	-0.0029754135485837	0.131796609693524	0.0578918997858331	0.0093359394093776	-0.0057351013928166	-9.573121095250454e-05	-0.031021981300001	0.0818361375000017	-0.0018312898999998	-0.0509404363000011	0.0134910655000001	-0.0477636816000006	-0.0797779847000021	-0.0244025047999992	-0.083101176500002	0.0668428233000015	0.0489641061000016	-0.0918491150000017	1
1.0715729049529763	-0.0715728985535636	-3.488513524965429e-17	-0.011050799055838	0.3083338537331186	0.008893511047308	0.00908014948333	-0.005301045599869	-0.0002009383466531	0.0298888498	0.0639890406000015	0.0287654861000009	0.0205558544000006	0.0582985370000012	-0.0167730065999996	0.1159887247000017	-0.0257253785999987	-0.0817133510000023	0.0697192167000017	0.044177062400001	-0.0935038064000004	1
1.0407927737062457	-0.0407927852722554	-1.569247418100603e-14	-0.0105582995033601	0.0926595469743875	0.0287424262568865	0.0091173514882988	-0.0048357955547242	7.104822562542648e-05	-0.0562580502000016	0.1285618289000027	-0.0527413927000012	-0.052307294700001	0.0719920587000018	0.0334179017000011	0.0513536646000012	-0.0270429587000002	-0.0802582690000022	0.0724665061000017	0.0392446037000013	-0.0946776645000018	1
1.021550897536922	-0.0215508820167729	3.3569704945145565e-14	-0.0077083500470402	0.1906707184694913	0.0380936335106306	0.0094560315305003	-0.0047619562479257	0.0001410213965132	-0.0113246084000007	0.0736514153000016	-0.0119462048	-0.0197905207000002	-0.0032684008999999	0.0291594080000011	0.0239597046	-0.0283549737999994	-0.078737128100002	0.0750796043000018	0.0341829659000009	-0.0953646527000012	1
0.9836954611312017	0.0163045380758002	-1.1685883021852726e-13	-0.0081514877951187	0.2285765429981275	0.0831044088896287	0.0084538428008502	-0.0038326187074555	0.0001082027754173	-0.0299850781000012	0.0981678084000023	-0.0471559301000006	0.0022362503000001	0.0407591948000009	-0.0292728371000001	0.0400559249000004	-0.0296611540999995	-0.077151180200002	0.077553672300002	0.0290088101000005	-0.0955612383000007	1
0.7253339289716804	0.2746659664359924	3.253940990485944e-13	-0.0060732414820293	0.0909310545347066	0.1178568070408554	0.0090571907194083	-0.0039493896648166	0.0002658925761544	-0.0487044560000011	0.1018054090000024	-0.0356391022000006	-0.0028220842000002	0.0473038608000011	-0.0513380956000008	-0.1270514987000028	-0.0309612306000003	-0.0755017308000018	0.079884128800002	0.0237391677000004	-0.0952664105000015	1
0.3114632885394472	0.6885372645221721	-9.417241673347753e-13	0.0090659225107715	0.2404028712394966	0.0947236980179623	0.0080883119870935	-0.0037496532236834	0.0001031599818109	0.0655651041000013	0.0543664279000016	0.0092674414000003	0.0959170202000021	-0.1060656489000018	0.0286065884000006	0.1115022905000022	-0.0322549359000004	-0.0737901375000015	0.0820666583000019	0.0183913845999995	-0.0944816852000003	1
0.0162734895311221	0.983724344470976	2.6003844002558448e-12	0.0211003590187607	0.240018679685392	-0.0624619785402661	0.008061367368705	-0.0034852877068929	-0.0004279591931164	0.032575019800001	0.0785018795000024	-0.0012775915000003	0.0003760279999999	-0.0169317114999995	0.0807832413000018	0.1069506200000021	-0.0335420038000001	-0.0720178090000019	0.0840972192000017	0.0129830635999999	-0.0932110979000009	1
-0.1156948159504707	1.115702294007164	-7.096486137504344e-12	-0.0058359269078786	0.1236200093930502	-0.0726079142496121	0.0075541780084337	-0.0030200684273077	-0.0002700972382996	0.0439269644000015	0.0934542816000028	0.01785124	0.0158730354	0.0369808781000016	-0.0413487638000009	-0.0305510476000004	-0.0348221695000008	-0.0701862042000019	0.0859720514000016	0.0075320069999997	-0.091461182400001	1
-0.1446790022174726	1.1446549737555125	1.8930326702005364e-11	-0.0102086928380216	0.0355174499186985	-0.1167293304877679	0.0084222646009778	-0.0025591902683078	-0.0002717272110166	0.0325530079000013	0.0891424652000025	0.0063853403999995	-0.0128036640000004	0.0362920026000018	0.0193550410000002	-0.0433771120000004	-0.0360951694000013	-0.0682968306000019	0.0876876832000016	0.0020561577999998	-0.0892409375000016	1
-0.124422818248016	1.1244965479641245	-4.9596089424812465e-11	-0.0550854999925457	0.1539615544926112	-0.4998901815626451	0.0054499748584431	-0.0019126728840844	-5.978914679202047e-05	0.0956963984000025	0.0038066401000008	0.1647114353000028	-0.0407110241000008	-0.0716725169000006	0.0587475892000013	-0.0580138611000017	-0.0373607415999994	-0.0663512432000021	0.0892409375000014	-0.0034264594999996	-0.086561780600001	1
-0.0879644962268012	1.0877449629224611	1.2730070153727456e-10	-0.0422333492175129	0.2213533871747309	-0.2772216307522051	0.005700920241897	-0.0009461735917278	-0.0002338045826598	0.1303750115000031	-0.0498644482000003	0.068724991800001	-0.0434458748000009	-0.0325357293999998	0.0948873975000021	0.0185942218	-0.0386186256999996	-0.0643510435000019	0.0906289382000016	-0.0088977982000002	-0.0834374889000003	1
-0.0536186541731198	1.0542294899849638	-3.198328812137921e-10	-0.0293707490194646	0.1057878816744724	-0.3100408309726217	0.0063231851847445	-0.0019696954221468	-0.0003717778742067	0.111535509800003	-0.0625791318000008	0.0568211721000006	-0.043643024300001	0.0389610792000017	0.0025854004999999	-0.0400549355000006	-0.0398685628000007	-0.0622978778000018	0.0918491150000016	-0.0143398485000001	-0.0798841288000011	1
-0.0287973604754911	1.0273285851093008	7.854659514788443e-10	-0.0107523753477064	0.3452638045696702	-0.1224003302126663	0.0042002864409104	-0.002316936976564	-0.0002011355804139	0.128034450200003	-0.0170243414999994	-0.0521123235000011	0.0038352229	0.0040711537000007	-0.0844304735000017	0.0863735829000014	-0.0411102957999998	-0.0601934360000016	0.0928992083000018	-0.0197346973000011	-0.0759199730999992	1
-0.013911305189883	1.0143143660540397	-1.8788170583767024e-09	0.0070471365272775	0.1521195090938781	-0.3160814203411741	0.0064172573325091	-0.0040755454868097	-0.0001529270168818	0.1206615173000031	-0.0422253679000005	-0.0039918267000006	-0.1017942229000022	-0.0688968192000006	0.0496676324000008	0.0967021725000023	-0.0423435691000011	-0.0580394502000013	0.0937772737000015	-0.0250645864000005	-0.071565406900001	1
-0.0059140591572625	0.8782169780967994	4.3508911342383344e-09	0.0115798210508168	0.12408830638536	-0.3721367259909244	0.0083854859098027	-0.0043701872531485	-0.0012157046984992	0.107187090200003	-0.0604908688000008	0.0940413431000016	-0.0597050159000015	0.0414570553000013	-0.0586056153000014	-0.1132408299000025	-0.0435681289000007	-0.0558376933000014	0.0944816852000016	-0.0303119720000005	-0.0668428233000016	1
-0.0025917989502987	0.497599556097037	-9.656737764689232e-09	0.0378352738245721	0.0797156475617685	-0.5364225666577602	0.0091370660822984	-0.0042840166294725	-0.0007469472194092	0.0961075722000028	-0.0848495195000017	0.1483239281000027	-0.0934466258000015	-0.0717047343000011	0.0011888973999996	0.0034469644000003	-0.0447837232000016	-0.0535899776000014	0.0950111383000015	-0.0354595815000005	-0.0617765075000026	1
-0.0003546030681473	0.1278207769083618	2.0166537349518563e-08	0.0101482013899685	0.2370103973086949	-0.4807760896596253	0.0073792719887307	-0.0033768460832563	-0.0004860500856786	0.1046119877000026	-0.072797108500001	0.0950011445000017	-0.1154434841000016	-0.0152434448000001	0.0237381793000008	-0.024061903500001	-0.0459901019999999	-0.051298153100002	0.0953646527000017	-0.0404904708000008	-0.0563925126000015	1
-0.001298687820376	-0.0723739744927138	-3.8120388572966065e-08	-0.0058891865917438	0.0909408262814811	-0.3364834468106158	0.0068581086806311	-0.0037344270563831	-0.0002546976725994	0.1299457352000031	-0.0431031605000005	0.0217660404000001	-0.0722212058000005	-0.0152468505000001	-0.096523715900002	-0.0665511285000011	-0.0471870168000015	-0.0489641061000019	0.0955415737000018	-0.0453880801000014	-0.0507185253000018	1
0.033441446988671	-0.1403543121666701	5.867071996418154e-08	-0.0194627273512675	0.2932380483849939	-0.3124503562908929	0.005863034706437	-0.0032239642500535	-0.0003175524968442	0.1326377470000029	-0.0445433935000002	-0.0285649463000006	-0.1067211043000011	0.0175102752000005	-0.0471439878000004	-0.0047506514000006	-0.0483742214999998	-0.0465897578000021	0.0955415737000019	-0.0501362882000016	-0.0447837232000003	1
0.3040209330358284	-0.1371894946488851	-4.073241459355906e-08	-0.0105435603669554	0.0680661137080977	-0.0032128042945313	0.0043890473489861	-0.0030049905207765	1.3094555163373037e-05	0.043541955600001	0.0618624293000016	-0.2470554087000054	-0.0631747479000007	0.0328715474000008	-0.1592682298000032	-0.1318556396000024	-0.0495514717000018	-0.0441770624000016	0.095364652700002	-0.0547194656000017	-0.0386186257000008	1
0.7145457883468225	-0.1050979433952027	-1.971033803425807e-07	0.1076706171908799	0.3591027431153456	0.5892243298646687	0.0064759986467292	-0.0022460179793543	-0.0013872433788277	-0.0880452030000027	-0.0180887575999998	-0.2763824652000046	0.1342766838000029	0.0556512036000005	-0.0042125653999998	-0.0708312610000017	-0.0507185253000016	-0.0417280058000003	0.0950111383000033	-0.0591225262000033	-0.0322549358999987	1
0.997189578372339	-0.0682665551209197	1.3179981981844128e-06	0.0257415879801632	0.0788721939668863	0.0315500130137456	0.0041679448560699	-0.0025451328725054	-5.769603249935934e-05	0.0516244808000006	0.0898369791000018	-0.2298813367000048	0.0544875103000012	0.0057241858000002	0.1080352211000024	-0.0751680924000012	-0.0518751419000016	-0.039244603700001	0.0944816852000023	-0.0633309768000012	-0.0257253786000005	1
1.1201044938487452	-0.0387679987578291	-5.503412637681332e-06	0.0197652040770883	0.1303518676591858	-0.030202496136237	0.0037170651028874	-0.0026747483683225	0.0004114723102269	0.1152332330000019	0.0470579637000007	-0.1705576836000034	0.1000957420000022	-0.0736661561000017	0.0765125486000016	-0.0425076436000008	-0.0530210836000015	-0.0367289002000006	0.0937772737000023	-0.0673309646000015	-0.0190635312999997	1
1.1443747092676475	-0.0195846404071201	1.959251592108644e-05	0.0012229362624212	0.1748719556140516	-0.0015651768844511	0.0040289190061205	-0.003406962176108	0.0005258675896079	0.1716288889000032	-0.038731285900001	-0.1325695053000025	0.1553685341000032	0.0031390166999996	-0.0114336427	-0.0921904767000019	-0.0541561147000012	-0.0341829659000006	0.0928992083000024	-0.071109323100002	-0.0123036517999989	1
1.122345158794415	-0.0089076485150788	-6.430134668197209e-05	0.0496759318848508	0.2104807103952595	-0.3432202718579134	0.0095962239143663	-0.0037802232576624	0.0002866448375914	0.2049702565000043	-0.1450743789000036	-0.0134924075000003	0.0602511695000012	0.0364431042000005	0.092222844000002	-0.0209231413000007	-0.0552800014000005	-0.0316088963000006	0.0918491150000018	-0.0746536153000011	-0.0054805020000002	1
1.0853341077543193	-0.0036622058348152	0.0002018498677968	0.0148738006328851	0.1875146538390165	-0.9893773609882844	0.0113404722208756	-0.0054539834423382	-0.0003140869384278	-0.0121243861000002	-0.160952174700004	0.104791123500002	-0.0225862533000005	0.066794956400001	-0.1220171185000025	-0.0256448949000007	-0.0563925126000004	-0.0290088101000008	0.0906289382000014	-0.0779521747000003	0.0013708305999993	1
1.0522615151280568	-0.0013408139194892	-0.0005840824036068	0.0307548754996977	0.178627348080666	-1.0072709102253428	0.0085954347212	-0.0059624390292181	-0.0004178854022494	0.0037429397	-0.1767659936000045	0.0165438027999996	-0.0892416625000017	0.0049849933999999	0.037389847200001	0.0685442583000013	-0.0574934194000006	-0.0263848473000009	0.089240937500001	-0.0809941434999998	0.0082151138999988	1
1.0261588712237366	-0.0004001411095419	0.0014083996324336	0.0247686562526625	0.2394063806243595	-1.0367524298971762	0.0111973216990604	-0.0052712700968141	-0.0003710021823858	-0.0406671452000008	-0.1329477740000032	0.0090471167999997	-0.145869421100003	0.0698397346000013	-0.0007023947999997	-0.0269236482000011	-0.0585824950999994	-0.0237391677000009	0.087687683200001	-0.0837695088999998	0.0150171518999992	1
1.0120783126120754	-4.983987255407643e-05	0.0010937086453325	0.0235848624935942	0.2741564313784867	-1.2983372364303842	0.0108502878498007	-0.0045300117616993	-0.0004359404081257	-0.0790750785000017	-0.0661609992000018	0.0723377689000011	-0.0301377122000004	-0.0674900282000017	-0.1118622032000023	0.0647647983000007	-0.0596595156999997	-0.0210739489000007	0.0859720514000008	-0.0862691350999999	0.0217419656999995	1
0.8596663227775544	4.991522689340308e-06	0.1460193696808394	0.0145989259576576	0.3082868267480307	-1.3301423251578366	0.0088164091313494	-0.0041661667009647	-0.0003571431376088	-0.0880442153000019	-0.0541516034000013	0.0197227186999997	-0.0215658745000001	0.0254608615000007	-0.0223346047999999	0.1479787426000027	-0.0607242595999995	-0.0183913846000015	0.0840972192000008	-0.0884847943999997	0.0283549737999997	1
0.4698656944593343	-2.983899737196484e-06	0.5323451325591094	0.0234121993391207	0.1665237194975615	-1.1642630179105424	0.0093591245169146	-0.0040728707785977	-0.0002719488299361	-0.0859339217000015	0.0058045964000001	0.0434019700000004	-0.138244223900003	0.0042140604000006	0.0296986175000009	-0.0488654224000014	-0.0617765075	-0.0156936827000012	0.0820666583000014	-0.0904091936000001	0.034822169499999	1
0.1095090486768123	4.382264237012099e-06	0.8912320353322676	0.0083925490728248	0.5375370467062237	-1.2844236748025954	0.0126514614506429	-0.0041659457173302	-0.0001991545915567	-0.0883967132000017	-0.0167900880999995	0.0434020322000007	-0.054876756800001	0.014558394400001	-0.0113353326999991	0.0472498479999991	-0.0628160430999969	-0.0129830636000019	0.0798841288000014	-0.0920359983000004	0.041110295800001	1
-0.0801321885001611	-1.0005857816675154e-05	1.0803110582796525	0.0158505969479287	0.0005106993661846	-1.4417832749795143	0.0080423326950651	-0.0043661196741636	-0.0001329461106826	-0.1074348242000015	0.0181240780000001	0.0548718603999999	0.0045302893000001	-0.0184400326999991	-0.0619353406000013	0.0868884343000026	-0.0638426524000021	-0.0102617584000019	0.0775536723000011	-0.0933598535999997	0.0471870167999978	1
-0.1417519320810052	2.503309801398496e-05	1.141726086762238	0.0099210837512377	0.1680280591708781	-1.3706468083240253	0.0078999742285571	-0.0039598478727537	-7.086053283713942e-05	-0.1011187227000016	0.0326434424000009	0.0557483717000002	0.0173673885000003	0.0154040465000016	0.0350042340000013	0.0428380090000007	-0.0648561241000002	-0.0075320070000022	0.0750796043000013	-0.0943764018999999	0.0530210835999989	1
-0.1356465933615508	-6.251574122943657e-05	1.135710493671828	-0.0221855818833783	0.2646439009987351	-1.2672706725961251	0.0090404810254743	-0.005189853342374	-0.0002710503127252	-0.0792504280000014	0.0111137516000008	0.0764968763000012	0.0138880926000003	-0.0295869813999995	0.0382975537000015	0.0243321696999999	-0.0658562495999995	-0.0047960562000018	0.0724665061000016	-0.0950822971000008	0.0585824951000005	1
-0.1026565412720803	0.0001530072221178	1.1025030121492454	-0.0778440807153557	0.1811542019916028	-1.1906801512066345	0.0106953114872246	-0.0052322125655629	-0.0015020697833724	-0.0672545910000013	-0.0203078082999999	0.064567361400001	0.0570171760000012	0.0135745869000014	0.0319342813000014	-0.0158606715000004	-0.0668428233000001	-0.0020561578000017	0.0697192167000016	-0.0954752155000012	0.0638426524000013	1
-0.0660546345378922	-0.000352940459423	1.0664077409494466	-0.0507462379602277	0.3163924411360606	-1.1956594200004662	0.0121177808544552	-0.0054159142071906	-0.0007732214590012	-0.0241344208000003	-0.0890544155000014	-0.0155049446000008	0.0444696803000011	-0.0590178595000002	0.0378260958000016	0.0293389944999999	-0.0678156419999989	0.0006854329999982	0.066842823300001	-0.0955538639000008	0.0687745056000014	1
-0.0372115221600915	0.0007575121849888	1.0364539416704002	-0.0519383873876519	0.3261826197146015	-1.2305765718870267	0.0098630495892074	-0.004222984871674	-7.417824855138123e-05	-0.0254413317000003	-0.116168663900002	-0.0381397922000013	-0.0192728709000002	-0.0476289961	-0.0543622021000004	0.0561425609000005	-0.0687745055999992	0.0034264594999984	0.063842652400001	-0.0953179834000008	0.0733526932000017	1
-0.0186645652657377	-0.0017434081267121	1.020408052038745	-0.0577092875669527	0.1574946689894424	-1.222263073981636	0.0102824951978309	-0.003547900170046	0.0004277508884364	-0.0468401471000006	-0.1135735701000022	0.0004937241999994	-0.0173349601000003	-0.0461742412000001	-0.1229115046000023	-0.0357511084000007	-0.0697192167000006	0.0061646658999988	0.0607242596000011	-0.0947683504000009	0.077553672300001	1
-0.0084334545509567	0.0459943217290698	0.9624389794061564	-0.068783000290525	0.3491198789178903	-1.264302616122704	0.0093372663712899	-0.0029510778939748	0.0007487983248179	-0.0269649087000004	-0.1020899800000017	-0.0306625285000011	0.0018979728000002	-0.0345235959999997	-0.0882126110000011	0.0994574891000015	-0.0706495809999993	0.0088977981999985	0.0574934194000009	-0.093906774100001	0.0813558400000025	1
-0.0034436629068185	0.3406672945114008	0.6627766610866811	-0.0356137052901192	0.1632949278805991	-1.155785320198644	0.0094803933155518	-0.0036580312830311	0.0001188378810715	-0.0661768217000009	-0.0490939567000007	0.0022537021999995	-0.1150177732000026	-0.0024951658999992	-0.0928234168000018	-0.0560757767000011	-0.0715654069000008	0.0116236069999994	0.0541561147000009	-0.0927360906000012	0.0847396439000016	1
-0.0012494679721256	0.7476955426377329	0.2535534661758938	-0.0041466233106043	0.2758520627183007	-1.174730198778674	0.0131895387451638	-0.0062608479155198	-0.0018993118370392	-0.0681574830000009	-0.0066137820999996	0.0266674422000001	-0.0164088953000005	0.023423585700001	-0.0771255078000015	0.0557090177000011	-0.0724665061000007	0.0143398484999999	0.0507185253000002	-0.0912601531000015	0.0876876832000024	1
-0.0003642640003259	1.0141546075236656	-0.0137899924521476	0.0227465405035614	0.3048913473025583	-1.242679579077019	0.0145179560559427	-0.0076453085682471	-0.003486746685593	-0.0812396189000011	0.0179883951000009	-0.0014057385000008	0.0054674454	0.0285229250000011	0.0497638588000012	0.0854823935000017	-0.0733526932000002	0.0170442872999998	0.0471870167999994	-0.0894838202000009	0.090184797800002	1
-3.947399254880325e-05	1.1254624953186745	-0.1254216449516631	0.046783079870338	0.1324794990291302	-1.2002570871608913	0.0144367237814283	-0.007933902521013	-0.0030329462579821	-0.0834364463000007	0.0101985890000005	0.0407794432999999	0.0007683983999997	-0.0527928404000008	0.0050269317999998	-0.0878575959000016	-0.0742237856000012	0.0197346973000005	0.0435681288999992	-0.0874129386000007	0.0922181468000008	1
4.221768332165609e-06	1.1436851089704367	-0.1436989985434839	0.0589452338129647	0.2025761643243832	-1.1847372141976946	0.0141813260561647	-0.0079402870420259	-0.0023688606247488	-0.0362971624999998	-0.0513957993000008	0.0770378634000007	0.1217039681000024	-0.0570826094000011	-0.0083286589000004	0.0146245181000005	-0.0750796043000014	0.0224088640000005	0.0398685627999991	-0.0850543252000009	0.0937772737000013	1
-2.737646726487622e-06	1.1192334362261385	-0.1191896645945639	0.0401545432625322	0.3991407574145016	-1.3210414387126264	0.0157669761414434	-0.007565924194247	-0.0030280918525231	-0.0731491080000007	-0.0188761165999997	-0.0044804449000011	0.0770190744000016	-0.0145690537999999	0.0715858598000019	0.0345947528999999	-0.0759199730999988	0.0250645863999998	0.0360951693999985	-0.0824157435000001	0.0948541610000019	1
4.467395822138755e-06	1.0820046719302974	-0.0821593283771844	0.0557459044065936	0.1674945129760761	-1.2891688529559235	0.016880586359321	-0.0082417166183499	-0.0026691805448596	-0.0761498003000004	-0.0035224878999998	0.014979662199999	0.0889203662000018	-0.0437687204000005	0.0092375087	-0.0183549065000002	-0.0767447190000009	0.0276996788000002	0.0322549358999984	-0.0795058789	0.0954432708000005	1
-1.072318954346211e-05	1.049527228705727	-0.0490408184854211	0.0523989632648366	0.3430863135143782	-1.3057638420077202	0.0162660706268668	-0.007221250245748	-0.0021769442795799	-0.1068454864000012	0.0203644050000011	0.0011695452999989	0.0180262014000002	0.0079066335000004	0.0290428808000009	-0.0656044396000022	-0.0775536722999988	0.030311972	0.0283549737999984	-0.0763343095999997	0.0955415737000012	1
2.7686842806470412e-05	1.0247205243490851	-0.0258861080347889	0.0718801455375082	0.213694171304609	-1.409002356057712	0.0149211852581333	-0.0079040367546148	-0.0014096321658093	-0.0875889811000007	0.039254647000001	0.0399891223999994	0.1195390916000024	-0.0565139670000008	-0.0044714574000001	0.0281298226000005	-0.0783466667000005	0.0328993162	0.0244025047999981	-0.0729114751999995	0.0951485642000002	1
-7.128974244601145e-05	1.0079729136320614	-0.0122518798194039	0.0377757676954935	0.2745117454899888	-1.470530968628338	0.0164923818862252	-0.0064702339066259	-0.0009392214799603	-0.1237136484000015	0.072466589800002	0.0201268086999989	0.1165409234000025	-0.0337417533000002	0.0359925959000011	-0.0460049793000016	-0.079123538799999	0.0354595814999996	0.0204048479999978	-0.0692486423999991	0.0942662634000006	1
0.0001804400879976	0.8316348803887921	-0.0052410262756574	0.0382317913086623	0.4037299826762694	-1.3658792381189215	0.0147867694548403	-0.0053759107939646	-0.0006887986646164	-0.1170441316000018	0.0487149618000017	0.0434847686	0.0641116095000016	-0.0534891436000008	-0.0066616465999998	0.0518306042000002	-0.079884128799999	0.0379906609	0.0163694059999984	-0.0653578679999999	0.0928992083000018	1
-0.0004333442831967	0.4314518205350253	-0.0020150909554031	0.0403242802564858	0.207738719797248	-1.2892094336544335	0.0151956235259346	-0.0049910492368229	-0.0008216317709777	-0.1292537564000019	0.0456630255000013	0.0435498533999997	0.0423323311000015	-0.0098597525999999	0.0315865090000009	-0.0235684102000007	-0.0806282803000003	0.0404904707999997	0.0123036517999983	-0.0612519590999996	0.0910544289000001	1
0.0009685411080106	0.0852551991020014	-0.0006670332485817	0.0371831588314414	0.3958846233614555	-1.2815013804087836	0.0148906625053217	-0.004944346113847	-0.0006112237652634	-0.0874361260000012	0.0066300724000007	0.0447796984000001	0.042325339800002	-0.0711486858000016	0.017490861200001	0.0036769933999988	-0.0813558399999987	0.0429569539999995	0.0082151138999982	-0.0569444307999997	0.0887414118000007	1
-0.0021041161600763	-0.090029001918196	-0.0001403302853135	0.0259893321267851	0.197482378094988	-1.2910506626157323	0.0149836882918244	-0.0046598725290312	-0.0004131152854613	-0.128327084600002	-0.0164539761000001	0.0322684446999994	0.0242403509000017	0.0237233172000006	-0.0050761691999996	0.0191437776000003	-0.0820666583000006	0.0453880800999992	0.0041113635999981	-0.0524494618999995	0.0859720513999996	1
0.0563800435649569	-0.1432164737654895	3.859159057410098e-06	0.0578633968589938	0.3060777648324107	-0.6251381620602652	0.008990063335534	-0.0046702114828254	-0.0006900242709504	0.0247243308000007	0.0885928302000025	0.0657744961000016	-0.1038900148000013	-0.0064187141000004	-0.0319041909000005	0.0054727567999997	-0.0827605889000013	0.0477818483000008	-2.830455966532925e-16	-0.0477818483000019	0.0827605889000018	1
0.3674411317938719	-0.1333062124737122	-2.3671482699726664e-06	0.0520110304068038	0.3602391769211573	-0.3530663274770919	0.0071661741577399	-0.0045598942763588	-0.0010651818628128	0.0765249397000015	0.1579998586000041	-0.0782011200000015	-0.1579868361000027	0.0287154697000006	0.2322780518000056	0.0353955403	-0.0834374889000001	0.0501362882000008	-0.0041113636000003	-0.0429569540000014	0.0791235388000023	1
0.7705708544037316	-0.0992212740882347	1.658631973509294e-06	0.0319847688829211	0.2469310084000123	-0.3043677621142224	0.0057441953217373	-0.0032390516586814	-0.0005287036417082	0.1117632048000023	0.0943370699000023	-0.0473610109000008	0.0287613029000007	0.1585153619000032	0.0454812576000014	-0.1034167434000025	-0.0840972192000008	0.0524494619000008	-0.0082151139000003	-0.0379906609000009	0.0750796043000021	1
1.0254930619643774	-0.0630150619370858	-1.8501140002151595e-06	0.0306400446831956	0.1509564636107107	-0.24641107288036	0.0047251499459823	-0.0026421880585452	-0.000284259058076	0.1213748335000023	0.0655914914000011	-0.0777955132000016	0.0344465798000007	0.0311037410000004	0.0779559336000015	0.033079925200001	-0.0847396439000024	0.0547194656000016	-0.0123036518000002	-0.0328993162000009	0.0706495810000021	1
1.128813619594876	-0.0351042073972415	1.9083788914059355e-06	0.0310189339334954	0.1198152186241966	-0.2348167543689182	0.0052420513822933	-0.0028279146232459	-0.0003415911404466	0.147008695600003	0.020668052	-0.0303493874000005	0.066530015900001	0.0449305002000004	-0.0052043136000002	-0.144399989800003	-0.0853646308000018	0.0569444308000018	-0.0163694060000004	-0.0276996788000005	0.0658562496000016	1
1.1429706233181711	-0.0174338287858496	1.6157999965736571e-06	0.0282323111882195	0.2120685894441294	-0.2602430454532052	0.0049113719724332	-0.0031210704787812	-0.0004243398651318	0.1339945398000024	0.0414921594000005	-0.0494143499000008	-0.0097985340000004	0.0721282080000012	0.0327975259000006	0.0546605759000012	-0.0859720514000019	0.0591225262000018	-0.0204048480000003	-0.0224088640000007	0.0607242596000023	1
1.1169425756791649	-0.0078055730055759	-2.1580662876120365e-05	0.0306955246619228	0.065977099814531	-0.4008705372248872	0.0062000835092194	-0.0040442841200058	-0.00023696534077	0.0857138149000017	0.0160172576999997	0.0412061352000009	-0.0721775903000018	-0.0222099427000008	0.0522837520000007	-0.063792820700001	-0.0865617806000025	0.0612519591000022	-0.0244025048000006	-0.0170442873000001	0.0552800014000009	1
1.0796661901989033	-0.0031568830684755	0.000105366704664	0.0591528212198844	0.2079145689129125	-0.326932411024782	0.0051310194424116	-0.0035709970793034	-0.0005708441796214	0.1147245529000023	0.0402827340000006	0.040805323600001	-0.0085972768000006	0.1228515993000021	-0.0341893646000008	-0.0585867170000014	-0.0871336971000015	0.0633309768000018	-0.0283549738000007	-0.011623607	0.0495514717000012	1
1.047590255335127	-0.0011305887236418	-0.0003778062414043	0.0559457758948712	0.1275466966470301	-0.2165443350794872	0.0046188451234745	-0.0028738097418375	-0.0001248638847408	0.0609543830000013	0.0833779475000015	-0.0535373863000011	-0.0137547685000007	0.0948116184000016	-0.0604798244000014	-0.1232293601000026	-0.087687683200002	0.0653578680000019	-0.0322549359000008	-0.0061646658999998	0.0435681289000007	1
1.0238404891547797	-0.0003178305647259	0.0008943278064652	0.0386725901156112	0.3327097089025572	-0.1759059546919096	0.0034370697372413	-0.0026105923196111	-0.0003410161889404	0.1288148721000023	0.0131994775000002	-0.0504833048000008	0.0498265200000009	0.0759636356000012	0.0467857750000013	0.0512294541000006	-0.0882236248000008	0.0673309646000016	-0.0360951694000009	-0.0006854329999999	0.0373607416000021	1
1.0042308486576053	-2.702710492082413e-05	0.0073972557127267	0.0491816866050544	0.1403754139140142	-0.1521499082156166	0.004135827770894	-0.0026213186603271	-0.0001460798475652	0.0307967635000005	0.0936786618000017	-0.1406727037000031	-0.0940218514000022	0.0230052029000002	0.0046784844999999	-0.0280467484000004	-0.0887414118000021	0.069248642400002	-0.0398685628000011	0.0047960562000004	0.0309612306000006	1
0.8102698101381619	2.50869445430316e-06	0.194671558390408	0.0362894998782382	0.2582697584133632	-0.136900093206318	0.0037241191136901	-0.0023093423277523	9.080121163599016e-05	0.0704751365000012	0.0605913903000012	-0.0822081507000016	-0.0105103031000003	0.0286015068000004	0.0101688987000003	0.0333978747000005	-0.0892409375000014	0.0711093231000017	-0.0435681289000009	0.0102617584000001	0.0244025048000013	1
0.4043921225830658	-8.816975072165642e-07	0.5974929469976902	0.0289559537323654	0.1750699624134024	-0.1177713474321785	0.0034076435993645	-0.0022182986302167	0.0001217814672203	0.0162900613000002	0.1039438676000023	-0.1190032096000026	-0.0574382638000013	-0.0331086799000002	0.0707048074000015	0.0777908898000018	-0.0897220992000022	0.0729114752000016	-0.0471870168000007	0.0156936827000001	0.0177182917000006	1
0.0688019706692883	3.972533754377388e-07	0.931813248838848	0.0301090761072816	0.2068474510766411	-0.1136194849299521	0.0034642406361194	-0.0024156791342721	0.0001896843792104	0.0319307620000009	0.1198604124000031	-0.0435764620000008	0.0306441882000001	0.0589236601000017	-0.0538054891000009	-0.0596453243000014	-0.0901847978000014	0.074653615300001	-0.0507185253000005	0.0210739489000002	0.0109429642000004	1
-0.0965055355627472	-1.759977060217598e-07	1.0966269216456257	0.0145438035735747	0.1794980809283963	-0.1988669220525421	0.0034070218788253	-0.0022189879321668	1.1280284050688897e-05	0.0325448140000008	0.0825411215000022	-0.0035249696000002	0.0335399666000004	0.0608872961000023	0.0718865799000018	0.0912338990000022	-0.0906289382000021	0.0763343096000006	-0.0541561147000005	0.0263848473000003	0.0041113636000001	1
-0.1439535216785815	7.391255091298095e-08	1.1439486941129455	0.0100108395067775	0.1791542569465465	-0.182474788910124	0.0029990626913292	-0.0024689474723404	4.120194593724807e-05	0.0400821874000011	0.0895240556000024	0.0212489458000004	0.0256433345000001	-2.3514099999162863e-05	0.034707865800001	-0.0332611102000008	-0.0910544289000014	0.0779521747000008	-0.0574934194000006	0.0316088963000006	-0.0027413792000001	1
-0.1315122610832466	-3.015121416892419e-08	1.1315143348682362	-0.0060221280379829	0.09006364626613	-0.1687107131558995	0.0032669299523868	-0.0015236075048795	0.0005489897529062	0.0395450801000011	0.0509574986000014	0.0323352020000005	0.0429955154000005	0.0131734459000011	-0.0075764901	-0.0536088007000009	-0.0914611824000022	0.0795058789000008	-0.0607242596000007	0.0367289002000007	-0.0095800247000005	1
-0.0967605779400325	1.2019702004418245e-08	1.0967597821312565	-0.0049593819400956	0.2404551069298017	-0.129153978300547	0.0024118947778929	-0.0013418071497979	0.0005791187044862	0.0754971781000017	0.0114732811000007	0.0699721745000016	0.1017884750000019	-0.0225830878999998	-0.0029188783999997	-0.0065171310000004	-0.0918491150000012	0.0809941435000009	-0.0638426524000007	0.0417280058000005	-0.0163694059999996	1
-0.0608918665646961	-4.692939042343602e-09	1.06089216299136	-0.0067864653902194	0.1686669781437466	-0.1506055173033299	0.0027239528890729	-0.001488677962853	0.00060402875999	0.0319045566000008	0.030935104200001	-0.0285920017000008	0.0148179158	0.0559321313000021	0.0158790127000006	0.0532566773000013	-0.0922181468000018	0.0824157435000006	-0.0668428233000011	0.0465897578000011	-0.0230746094000004	1
-0.0336544891883366	1.7967764317263463e-09	1.0336543458808674	-0.0147075978730406	0.104910728073562	-0.1270122351258429	0.0028789471295983	-0.0012054437853347	0.0007352371782092	0.0514642418000013	-0.0080443108999999	0.0701255168000014	0.0423537510000006	-0.0586692060000006	0.0045101481000001	-0.0601134052000012	-0.092568201900002	0.0837695089000012	-0.069719216700001	0.051298153100001	-0.0296611541000007	1
-0.0165966070661015	-6.74949470599588e-10	1.016596767437591	-0.0013403945338679	0.1898296473802217	-0.1119707468688315	0.003155840321375	-0.0016413640922393	0.000406091893426	0.0048072260000002	0.0405875278000012	-0.0256131361000007	-0.0024310364000003	0.0368630609000016	0.0147372743000006	0.0232773721000004	-0.0928992083000014	0.0850543252000008	-0.0724665061000013	0.0558376933000014	-0.0360951694000007	1
-0.0073820733238083	2.4868683973045703e-10	1.0073817451572566	0.0044431258203896	0.337733763605572	-0.1635047336335414	0.0017488678481692	-0.00170062516993	0.0004319873491592	0.0179209408000004	0.0138341897000008	0.0388484430000009	-0.0321086043000009	-0.0650690799000008	0.0287438687000011	0.0226056224999995	-0.0932110979000001	0.0862691351000011	-0.0750796043000012	0.0601934360000014	-0.0423435691000002	1
-0.002964744180266	-8.979356388798506e-11	1.0029654969347654	-0.0035553855663136	0.1150899794801881	-0.1533189373801319	0.0029739144823773	-0.0010248184382222	0.0007970263807257	0.0046964673000004	0.0203057245000006	0.0180942592999999	-0.0085527915000005	0.0501071995000018	-0.0177740378	-0.0752442159000016	-0.0935038064000015	0.0874129386000008	-0.0775536723000016	0.064351043500002	-0.0483742215000017	1
-0.001051394058626	3.1697018244523095e-11	1.0010496990334143	-0.0137009698078127	0.2703582946744244	-0.1210519209620422	0.0016068522642944	-0.000690191282042	0.0010085564510891	0.0042436533	0.0233345146000009	0.0514054818000012	0.0023375147999998	-0.0580925381000006	-0.060898035200001	0.0556176608000007	-0.0937772737000011	0.0884847944000014	-0.0798841288000011	0.0682968306000012	-0.0541561147000002	1
-0.0002869110702275	-1.0913315325924251e-11	1.0002905377405973	-0.0157081439361362	0.2275681500101432	-0.13507746997416	0.0013422116293448	-0.0003852562954462	0.0011087555177632	-0.0132045065000002	0.030194316500001	0.049040622300001	-0.0267732683000008	0.0441671149000016	-0.0357398965000003	0.0410249152000006	-0.0940314435000012	0.089483820200001	-0.0820666583000012	0.0720178090000016	-0.0596595157000007	1
-1.9615533186008387e-05	3.628638133337378e-12	1.000012463838855	-0.0201236046815996	0.0408428956684043	-0.2076601137217549	0.0027990222304403	-2.424061439736664e-05	0.0012575362808255	-0.0281718315000002	0.0600925710000014	0.1354511069000028	-0.030533695500001	-0.072685635700001	-0.1040121449000023	-0.1492327009000032	-0.0942662634000019	0.0904091936000014	-0.0840972192000014	0.0755017308000019	-0.0648561241000021	1
1.6426465322015703e-06	-1.1643268751117693e-12	1.000010501977869	-0.0262937632220419	0.2679212912168233	-0.0610642956581377	0.0006221247421974	-0.0003207572063482	0.0007790995766058	0.0192171375000001	-0.0100899081999998	0.0992591705000022	0.0542341275000011	-0.0564805564000004	0.1081179552000027	0.151311605500003	-0.0944816852000014	0.0912601531000011	-0.0859720514000012	0.0787371281000014	-0.0697192167000003	1
-5.767191668125275e-07	3.439949606345955e-13	0.9999871239920548	-0.078539916307862	0.4463745743846244	0.311570342819953	0.0004407201654859	-0.001116217448328	0.0012892472043977	-0.1544646056000041	-0.0070646257999991	-0.1756010953000029	-0.0859650106000017	-0.2532397217000049	0.056221235700002	0.0094857086999989	-0.0946776644999995	0.0920359983000019	-0.0876876832000008	0.0817133510000005	-0.0742237855999978	1
2.8280469722682124e-07	-1.0089093868570966e-13	0.9999802108400504	-0.1597751275877283	0.0268366593801358	0.2221833216793712	0.0026037260985654	-0.0012650212224952	0.0011371466530148	-0.1346614807000034	-0.0127744760999998	-0.135487589700003	0.0825041470000017	-0.0618502320000003	0.0508762791000019	-0.0834910525000011	-0.0948541610000022	0.0927360906000009	-0.0892409375000013	0.0844206031000012	-0.0783466666999995	1
-1.344607628362317e-07	1.6558603396588902e-14	1.0001764783928426	-0.0996995328771429	-0.0108078425715261	0.1670948341036119	0.0026846763575203	-0.0009120334077844	0.0014662244637998	-0.0643185838000015	-0.0717930013000014	-0.0512980702000016	0.2008156534000041	0.0822852606000027	0.0295009635000012	-0.0478136385	-0.0950111383000029	0.0933598536000005	-0.0906289382000016	0.0868499729000018	-0.082066658300001	1
5.94003724756322e-08	-7.450693014878014e-15	0.999612325168612	-0.0861082677016058	0.1326307181869873	-0.0283299790932823	0.0018093333106077	-0.0012643148370774	0.0013101450448096	0.0101365149000001	-0.1316343351000026	0.0316951778000003	0.1574474421000034	-0.0499275945000004	0.0008092634000006	-0.0406821605000008	-0.0951485642000013	0.0939067741000007	-0.0918491150000019	0.0889934638000023	-0.085364630800001	1
-2.5227320419593696e-08	-5.875330702176791e-15	0.9868150810292846	-0.0711067867547536	0.3369578689979292	-0.1764614043932903	0.0013480101328658	-0.0007716124132848	0.0013180226334006	0.0582352155000012	-0.2145838016000042	0.0350084761000002	0.0257103404000005	0.060870040800002	0.0355898164000017	0.0588354929000005	-0.0952664104999995	0.0943764019000002	-0.0928992083000023	0.0908440203000029	-0.0882236248000008	1
1.040910652003796e-08	-3.265580666275309e-15	0.7739624422191458	-0.1035182116012277	0.1151804971181593	-0.1528066737726277	0.0014141050447398	-0.0001530393647186	0.0013591095159896	0.0207937195000005	-0.1615347925000034	-0.0103358083000008	-0.1368080786000028	-0.0139077564999994	-0.0394857787000004	0.0310128675000008	-0.0953646527000016	0.0947683504000009	-0.0937772737000023	0.0923955510000025	-0.0906289382000014	1
-4.194839905316532e-09	-5.364058566826571e-15	0.3655131513389594	-0.1128411358765092	0.2428815641973624	-0.1440641442780728	0.0007378917359495	0.0001122123057754	0.0019309608565157	0.0026963658000001	-0.1479139258000026	0.0204996034	-0.0985037320000016	0.0505056270000013	-0.1561868749000026	-0.0905991452000025	-0.0954432708000002	0.0950822971000007	-0.0944816852000026	0.0936429488000023	-0.0925682019000005	1
1.6626671570712082e-09	-4.16649911184328e-15	0.0467328803743929	-0.122358072821756	0.3870748804878174	-0.1699921176369199	-5.892715855696516e-05	-7.405796522394232e-05	0.0019749962388934	-0.0213186762000008	-0.1147302967000018	0.0094561836999999	-0.0911412187000007	0.0191957487000006	-0.0774975619000006	0.2092304489000041	-0.0955022485000005	0.0953179834000007	-0.0950111383000026	0.0945821078000014	-0.094031443499999	1
-6.669448967678012e-10	-4.706377815072856e-15	-0.1051904629299438	-0.120278510946508	0.2305567528004252	-0.1684682422205101	0.0010682928040617	0.0001926607406089	0.0021713965706871	-0.0613712880000014	-0.0217180131999998	0.0050961795999996	-0.1788781390000025	-0.055027104100001	-0.0326991228999999	0.0090091096999998	-0.0955415737000006	0.0954752155000009	-0.0953646527000028	0.0952099364000018	-0.0950111383000002	1
3.3825329343040167e-10	-4.309053114326389e-15	-0.1438127832626779	-0.1284793137033831	0.2664740110324581	-0.1752059731329438	0.0007159766789169	2.4215544482361607e-05	0.0019999948503868	-0.039555968300001	-0.0341461139	0.0471696123000006	-0.0862850070000005	0.0154834508000003	-0.0984514063000012	0.0141281305999998	-0.0955612383000006	0.0955538639000007	-0.0955415737000028	0.0955243683000016	-0.0955022484999999	1
