global_signal	global_signal_derivative1	global_signal_derivative1_power2	global_signal_power2	csf	csf_derivative1	csf_power2	csf_derivative1_power2	white_matter	white_matter_derivative1	white_matter_derivative1_power2	white_matter_power2	csf_wm	tcompcor	std_dvars	dvars	framewise_displacement	rmsd	t_comp_cor_00	t_comp_cor_01	t_comp_cor_02	t_comp_cor_03	c_comp_cor_00	c_comp_cor_01	c_comp_cor_02	c_comp_cor_03	c_comp_cor_04	c_comp_cor_05	c_comp_cor_06	w_comp_cor_00	w_comp_cor_01	w_comp_cor_02	w_comp_cor_03	w_comp_cor_04	a_comp_cor_00	a_comp_cor_01	a_comp_cor_02	a_comp_cor_03	a_comp_cor_04	a_comp_cor_05	edge_comp_00	edge_comp_01	edge_comp_02	edge_comp_03	edge_comp_04	edge_comp_05	edge_comp_06	edge_comp_07	edge_comp_08	edge_comp_09	edge_comp_10	edge_comp_11	edge_comp_12	edge_comp_13	edge_comp_14	edge_comp_15	edge_comp_16	edge_comp_17	edge_comp_18	edge_comp_19	edge_comp_20	edge_comp_21	edge_comp_22	edge_comp_23	trans_x	trans_x_derivative1	trans_x_derivative1_power2	trans_x_power2	trans_y	trans_y_derivative1	trans_y_power2	trans_y_derivative1_power2	trans_z	trans_z_derivative1	trans_z_derivative1_power2	trans_z_power2	rot_x	rot_x_derivative1	rot_x_power2	rot_x_derivative1_power2	rot_y	rot_y_derivative1	rot_y_derivative1_power2	rot_y_power2	rot_z	rot_z_derivative1	rot_z_power2	rot_z_derivative1_power2	motion_outlier00	motion_outlier01	motion_outlier02	motion_outlier03	motion_outlier04	motion_outlier05	motion_outlier06	motion_outlier07	motion_outlier08	motion_outlier09	motion_outlier10	motion_outlier11	motion_outlier12	motion_outlier13	motion_outlier14	motion_outlier15	motion_outlier16	motion_outlier17	motion_outlier18	motion_outlier19	motion_outlier20	motion_outlier21	motion_outlier22	motion_outlier23	motion_outlier24	motion_outlier25	motion_outlier26	motion_outlier27	motion_outlier28	motion_outlier29	motion_outlier30	motion_outlier31	motion_outlier32	motion_outlier33	motion_outlier34	motion_outlier35	motion_outlier36	motion_outlier37	motion_outlier38	motion_outlier39	motion_outlier40	motion_outlier41	motion_outlier42	motion_outlier43	motion_outlier44
5234.127355043214	n/a	n/a	27396089.168811675	3402.647622865863	n/a	11578010.845394708	n/a	3456.407974215001	n/a	n/a	11946756.084217047	3421.5365670369865	5655.198231100705	n/a	n/a	n/a	n/a	-0.2700256583	0.0183764539	-0.1834681409	0.1502390377	0.3110366	-0.1215631588	0.0849697003	0.011333329	-0.0194598107	0.2146333252	-0.1229183712	-0.1951548284	0.125130662	-0.127723208	0.2510996507	-0.1030381783	-0.2075579382	0.177203167	-0.1059312424	0.2170371623	0.1390150773	-0.0587096731	0.2797674607	-0.1166753258	0.0924178236	-0.2453744125	0.0677831114	-0.0798199039	0.1292132107	-0.2370836188	0.1874352855	-0.1622450448	0.1089014959	-0.1620586247	0.0211944614	-0.0287776853	0.0339074028	-0.017233992	-0.0401284412	0.0249497107	0.0089213892	-0.0338194415	-0.0031330488	-0.050162733	0.0346346949	0.017782681	1.506419805063544	n/a	n/a	2.269300629087686	0.31027974575575	n/a	0.0962735206262528	n/a	0.0499634419274244	n/a	n/a	0.0024963455292351	-0.0646125541338282	n/a	0.0041747821516968	n/a	0.0108643541745176	n/a	n/a	0.0001180341916293	0.0391905532445204	n/a	0.0015358994636115	n/a	0.0	0.0	0.0	0.0	0.0	0.0	0.0	0.0	0.0	0.0	0.0	0.0	0.0	0.0	0.0	0.0	0.0	0.0	0.0	0.0	0.0	0.0	0.0	0.0	0.0	0.0	0.0	0.0	0.0	0.0	0.0	0.0	0.0	0.0	0.0	0.0	0.0	0.0	0.0	0.0	0.0	0.0	0.0	0.0	0.0
5277.647191029778	43.51983598656352	1893.976124297389	27853559.872984502	3379.630865695923	-23.016757169939865	11421904.788364574	529.7711106199782	3470.163137757677	13.755163542675746	189.204524085756	12042032.202652205	3428.095227055938	5597.369098988888	0.627978	49.549828	0.2649894119903093	0.1600542841958065	-0.286925652	-0.0276897363	-0.1953646132	0.1127872425	0.2819182747	-0.1160656042	0.0359750312	-0.0645608797	-0.0231571257	0.0378006462	-0.1686473193	-0.2076168555	0.2319485344	-0.1804480801	0.2305206622	-0.0977908944	-0.2193107243	0.238434381	-0.1865905692	0.1920620709	0.0997778077	-0.0727465681	0.2827111281	-0.1114870453	0.0772279164	-0.2420154552	0.0568255146	-0.0674684928	0.0721191707	-0.211084094	0.1632689332	-0.1383479769	0.0856534299	-0.155791879	0.0227043727	-0.0345208346	0.0488112599	-0.0410563891	0.0041443154	-0.0252077106	0.042024207	-0.0730902565	-0.0669697662	-0.0758266145	0.085873779	-0.1217279544	1.514034895629024	0.0076150905654799	5.798960432046147e-05	2.2923016651823893	0.2714664192532012	-0.0388133265025488	0.0736940167821548	0.0015064743141934	0.1655062336476902	0.1155427917202658	0.0133501367185127	0.0273923133762438	-0.066151148258234	-0.0015385941244057	0.0043759744158828	2.3672718796560363e-06	0.0110272613501813	0.0001629071756637	2.6538747882723917e-08	0.0001216004928852	0.0395494160084912	0.0003588627639707	0.0015641563066126	1.2878248336476052e-07	0.0	0.0	0.0	0.0	0.0	0.0	0.0	0.0	0.0	0.0	0.0	0.0	0.0	0.0	0.0	0.0	0.0	0.0	0.0	0.0	0.0	0.0	0.0	0.0	0.0	0.0	0.0	0.0	0.0	0.0	0.0	0.0	0.0	0.0	0.0	0.0	0.0	0.0	0.0	0.0	0.0	0.0	0.0	0.0	0.0
5146.559065744819	-131.08812528495855	17184.09659072499	26487070.217200182	3300.7569514050647	-78.87391429085847	10894996.452248856	6221.094355561687	3436.5599997891145	-33.60313796856235	1129.1708813342366	11809944.63215056	3398.6558285033457	5536.3572773571705	0.923544	72.871132	0.4281868629040996	0.2990786190314713	-0.2900773757	0.0269183174	-0.1392145993	0.0850291934	0.2668768851	0.0002443827	-0.0262474194	0.0241203241	-0.0591887789	0.1035997305	-0.1447279945	-0.1993486967	-0.0197138345	-0.1425860593	0.2671262504	-0.1426999437	-0.2089369333	0.1526488922	0.0295504461	0.2248508935	0.1659287231	-0.0446766854	0.2738402464	-0.116375818	0.076940531	-0.2286862764	0.0471526674	-0.0594624647	0.0926222229	-0.1825190898	0.1554262946	-0.1148744679	0.0845541133	-0.1942873563	0.0482490743	-0.0034641264	0.0193101675	0.0201867108	-0.0406864608	0.0202270619	0.0350050621	-0.024976378	-4.11532e-05	0.0157399982	-0.0110997867	0.0152871696	1.534187331638151	0.0201524360091269	0.0004061206771019	2.353730768558989	0.2665973091392004	-0.0048691101140008	0.0710741252402623	2.3708233302265064e-05	0.0911973337232083	-0.0743088999244819	0.0055218126079866	0.0083169536782222	-0.0614135975852685	0.0047375506729654	0.0037716299683652	2.2444386378915825e-05	0.0099663287814406	-0.0010609325687407	1.125577915414742e-06	9.932770937977128e-05	0.0403280611039148	0.0007786450954236	0.001626352512401	6.062881846272287e-07	0.0	0.0	0.0	0.0	0.0	0.0	0.0	0.0	0.0	0.0	0.0	0.0	0.0	0.0	0.0	0.0	0.0	0.0	0.0	0.0	0.0	0.0	0.0	0.0	0.0	0.0	0.0	0.0	0.0	0.0	0.0	0.0	0.0	0.0	0.0	0.0	0.0	0.0	0.0	0.0	0.0	0.0	0.0	0.0	0.0
5205.776533899361	59.21746815454208	3506.7085346342046	27100109.320897248	3386.5831676070484	85.8262162019837	11468945.551119387	7366.139387549649	3417.9617473367134	-18.598252452401084	345.89499428324297	11682462.50625704	3382.4609663417327	6992.159749153695	1.643712	129.695114	4.344106884332375	2.7705451615168446	-0.0304496164	-0.1004421227	0.0050893221	0.202695612	0.2303818895	-0.0197649312	0.3301800858	0.0931766406	-0.0624245455	0.1089211852	0.0685223579	-0.2969670916	-0.11848821	0.0871189777	-0.0063569697	0.2116907853	-0.285597837	-0.0968006063	0.1164292043	0.0491312687	-0.1702506447	0.1260174902	0.1722144625	0.0922422926	0.1106218308	0.0496504018	0.0553204622	0.0426912621	-0.0821323252	0.3014021397	-0.0024653452	0.060763696	-0.1415915167	0.0354297905	0.0351205982	-0.0817440847	0.503916874	0.5318878627	0.0335448291	-0.0458312025	-0.0980217936	-0.1908892347	-0.1855265989	-0.1265697623	0.0906587051	-0.2547545153	1.9677955451162887	0.4336082134781378	0.1880160827957023	3.872219307379512	0.5695656956782926	0.3029683865390922	0.3244050816934974	0.0917898432421008	-0.3414359426890812	-0.4326332764122895	0.1871715518592324	0.1165785029599815	-0.0191010890132102	0.0423125085720583	0.0003648516014905	0.0017903483816605	0.0056561898031757	-0.0043101389782648	1.857729801195839e-05	3.1992483089548766e-05	0.0572033537116487	0.0168752926077338	0.0032722236758599	0.0002847755005966	1.0	0.0	0.0	0.0	0.0	0.0	0.0	0.0	0.0	0.0	0.0	0.0	0.0	0.0	0.0	0.0	0.0	0.0	0.0	0.0	0.0	0.0	0.0	0.0	0.0	0.0	0.0	0.0	0.0	0.0	0.0	0.0	0.0	0.0	0.0	0.0	0.0	0.0	0.0	0.0	0.0	0.0	0.0	0.0	0.0
5102.83041792111	-102.94611597825131	10597.902795007572	26038878.27406093	3259.2238349612594	-127.35933264578898	10622540.006379578	16220.39961198073	3411.815083078108	-6.146664258605597	37.78148150801949	11640482.161119277	3371.758390383128	5826.7009838026615	1.678272	132.421997	2.2474403047454783	1.3587515168500912	-0.2399619593	0.038948526	0.0603196681	0.0316928858	0.2358514825	0.1455738074	-0.0765051071	-0.0204403266	-0.0732761457	-0.0914675987	-0.1331475278	-0.223797534	-0.1746844857	-0.0955527119	0.0973091958	-0.0286180594	-0.2269785083	0.0573117898	0.1754982816	0.077916722	0.0491549287	-0.0219594331	0.2352474114	-0.0248671851	0.0705014871	-0.0934632965	-0.0646432556	0.012999194	-0.0645269304	0.1800023899	0.0799954447	0.1186129354	-0.0884167388	-0.1127232138	-0.0554445681	-0.0713908516	0.0297731933	0.2789268563	-0.0223612688	0.1816994766	-0.1602168399	0.3662871918	0.2440827608	0.0948323141	-0.4751851518	0.2493354849	1.7135630943395483	-0.2542324507767404	0.0646341390279477	2.936298478282528	0.2565099318608759	-0.3130557638174167	0.0657973451432712	0.0980039112593062	-0.1868248366708798	0.1546111060182013	0.0239045941041715	0.0349035195971009	-0.0386012380937065	-0.0195001490804963	0.001490055582367	0.0003802558141615	0.0080133333032985	0.0023571435001228	5.556125480171164e-06	6.421351062975285e-05	0.0485498266096054	-0.0086535271020432	0.0023570856638227	7.48835313057979e-05	0.0	1.0	0.0	0.0	0.0	0.0	0.0	0.0	0.0	0.0	0.0	0.0	0.0	0.0	0.0	0.0	0.0	0.0	0.0	0.0	0.0	0.0	0.0	0.0	0.0	0.0	0.0	0.0	0.0	0.0	0.0	0.0	0.0	0.0	0.0	0.0	0.0	0.0	0.0	0.0	0.0	0.0	0.0	0.0	0.0
5213.122368652063	110.29195073095345	12164.31439603906	27176644.8305405	3268.378365951981	9.154530990721469	10682297.14302294	83.80543766007979	3438.7618406400684	26.946757561960567	726.127743103079	11825082.996642273	3393.104467161539	6424.516208216396	1.515879	119.608597	1.376836662157782	0.6619968205236956	-0.1231779491	-0.0688572747	-0.1675508674	0.1345466022	0.2194143533	0.1042466423	-0.0662036226	-0.0475684062	-0.1900689709	-0.0862835795	-0.0883518063	-0.2239521064	0.0338703697	-0.0100126189	0.0895005117	0.1356989978	-0.2238163351	0.0120376473	-0.0207562724	0.0859917558	-0.1266965226	-0.1130462226	0.2256849333	0.0687075852	0.1649067998	-0.0681207141	0.1202410994	-0.0759422319	-0.0291093732	0.2525663764	-0.1030737326	0.1144413217	-0.1695036593	0.0003366233	0.0440728023	0.0675818864	-0.2582218437	-0.1740467184	0.0059273775	-0.1297465064	0.0789862344	-0.0553530967	-0.0593362034	-0.0329821065	0.1062963551	-0.028494962	1.5018322884145476	-0.2117308059250007	0.0448299341776503	2.255500222524477	0.3062161996254531	0.0497062677645772	0.0937683609130553	0.0024707130550838	-0.505361503844739	-0.3185366671738592	0.1014656083342299	0.2553902495682161	-0.0320513464078694	0.006549891685837	0.0010272888065572	4.2901081096197935e-05	0.0127333376594194	0.0047200043561209	2.227844112180027e-05	0.0001621378879487	0.0438824642256765	-0.0046673623839288	0.0019256706665177	2.1784271622914434e-05	0.0	0.0	1.0	0.0	0.0	0.0	0.0	0.0	0.0	0.0	0.0	0.0	0.0	0.0	0.0	0.0	0.0	0.0	0.0	0.0	0.0	0.0	0.0	0.0	0.0	0.0	0.0	0.0	0.0	0.0	0.0	0.0	0.0	0.0	0.0	0.0	0.0	0.0	0.0	0.0	0.0	0.0	0.0	0.0	0.0
5280.320659770685	67.19829111862146	4515.610329263	27881786.27000112	3298.543177300204	30.16481134822334	10880387.092513729	909.9158436739036	3447.383039202009	8.621198561940673	74.32506464440793	11884449.81897768	3401.0387524771577	6694.573461201762	1.03801	81.902916	0.1998746514487688	0.1212534278101321	-0.0825287429	-0.0578376882	-0.1415111587	0.1587230162	0.1817386197	0.0409275606	-0.0416996788	0.0537020161	-0.0824159205	-0.0582076317	-0.0959497831	-0.2009460395	0.0554679262	0.0044514995	0.1391279958	0.0399740393	-0.2049663107	-0.0050927426	-0.0402141339	0.1420978392	-0.0303479453	-0.0786076939	0.2173653591	0.0515689478	0.1370654492	-0.0312323878	0.0490831405	-0.0971895485	-0.0090642847	0.2509666964	-0.0426942037	0.1246311451	-0.1396965168	0.0118197558	0.02765165	0.0856908149	-0.1451169864	-0.1053724246	-0.0086963145	0.0327778348	-0.0372820465	0.0419488265	0.1180305111	0.0811722328	-0.0988139487	0.153867597	1.4931580136744458	-0.0086742747401018	7.524304226676902e-05	2.2295208538002163	0.2713900893732415	-0.0348261102522116	0.073652580610016	0.0012128579552991	-0.4959608469815535	0.0094006568631854	8.837234945935617e-05	0.2459771617386599	-0.0297490206355093	0.0023023257723601	0.0008850042287719	5.300703962073533e-06	0.0129205567015875	0.000187219042168	3.5050969750340617e-08	0.0001669407854789	0.0434325368483393	-0.0004499273773371	0.0018863852570823	2.0243464487753021e-07	0.0	0.0	0.0	0.0	0.0	0.0	0.0	0.0	0.0	0.0	0.0	0.0	0.0	0.0	0.0	0.0	0.0	0.0	0.0	0.0	0.0	0.0	0.0	0.0	0.0	0.0	0.0	0.0	0.0	0.0	0.0	0.0	0.0	0.0	0.0	0.0	0.0	0.0	0.0	0.0	0.0	0.0	0.0	0.0	0.0
5282.727530014245	2.4068702435597515	5.793024369333378	27907210.1563704	3311.8403063852115	13.297129085007327	10968286.214997692	176.8136419033478	3454.5611532161315	7.178114014122457	51.52532079974121	11933992.761309968	3408.489521049171	6734.101099283137	0.830644	65.54097	0.2315359495031053	0.0952705811769917	-0.0760567263	-0.1055225342	-0.1311582043	0.1350612927	0.1953453403	-0.0154857949	-0.0503759381	0.0462144994	-0.1244091172	-0.2327014924	-0.0559256487	-0.2323331624	0.1001899272	0.0227828301	0.0638801296	0.1145315584	-0.2295744696	-0.0056172797	-0.0886392864	0.0799516143	-0.1349727238	-0.0697838129	0.2186146152	0.1137747544	0.1659082417	-0.0432370856	0.1281046468	-0.0967969974	-0.0611241673	0.2629961823	-0.1098217674	0.1172046022	-0.1778054111	0.0234141394	0.0516996899	0.0350036273	-0.2325950943	-0.2216152597	0.0369451071	-0.143196472	0.0615723148	-0.0614449602	-0.0559742711	-0.0500947471	0.1326622753	-0.1252112683	1.4752731210087262	-0.0178848926657195	0.0003198693856643	2.176430781570828	0.2003362333647373	-0.0710538560085042	0.0401346063987704	0.0050486504536772	-0.5521061612197897	-0.0561453142382362	0.0031522963109102	0.3048212132568524	-0.0287533563220234	0.0009956643134859	0.0008267554997812	9.9134742514935e-07	0.0129141894141917	-6.367287395800045e-06	4.054234878071412e-11	0.0001667762882256	0.0427055307174081	-0.0007270061309312	0.0018237623538554	5.285379144115613e-07	0.0	0.0	0.0	0.0	0.0	0.0	0.0	0.0	0.0	0.0	0.0	0.0	0.0	0.0	0.0	0.0	0.0	0.0	0.0	0.0	0.0	0.0	0.0	0.0	0.0	0.0	0.0	0.0	0.0	0.0	0.0	0.0	0.0	0.0	0.0	0.0	0.0	0.0	0.0	0.0	0.0	0.0	0.0	0.0	0.0
5205.637976262618	-77.08955375162623	5942.799297624869	27098666.73990757	3358.4547056334	46.61439924818842	11279218.009791126	2172.902217269509	3417.67596924459	-36.88518397154167	1360.516796614474	11680509.030751947	3380.7910034042184	6876.662691052814	1.969466	155.39827	4.477971384294322	2.4185930857526112	-0.061313704	0.2849254516	0.2551012883	0.2116261827	0.0073684922	-0.0340941935	-0.0537846115	0.2549508646	0.1231366928	0.1535327922	-0.0039699563	0.0327068897	-0.1567623195	0.0696861268	0.0830251333	-0.1743551537	0.0288044292	-0.0984302425	0.1196194152	0.047634655	0.2025361861	-0.103140975	0.0252190583	-0.0441921531	-0.0066831505	0.1160642143	-0.4254791057	-0.2164206797	0.422946878	0.0031253778	0.0462940002	0.2125282486	-0.0431821145	0.1133444418	0.0939735926	0.2847070686	0.195427538	-0.1121885295	-0.000306365	-0.0032453786	0.1963799898	-0.163813627	0.3464988702	0.0027420736	-0.1979215824	-0.224061771	0.119531146490118	-1.355741974518608	1.8380363014716143	0.014287694981242	0.168594173477345	-0.0317420598873922	0.0284239953305091	0.0010075583658947	-0.8598684590918566	-0.3077622978720669	0.0947176319914948	0.7393737669410039	-0.0082867948862821	0.0204665614357413	6.867096948731116e-05	0.0004188801370029	0.011125111323065	-0.0017890780911266	3.200800416149555e-06	0.0001237681019505	0.009306669203951	-0.0333988615134571	8.661409167176994e-05	0.001115483950395	0.0	0.0	0.0	1.0	0.0	0.0	0.0	0.0	0.0	0.0	0.0	0.0	0.0	0.0	0.0	0.0	0.0	0.0	0.0	0.0	0.0	0.0	0.0	0.0	0.0	0.0	0.0	0.0	0.0	0.0	0.0	0.0	0.0	0.0	0.0	0.0	0.0	0.0	0.0	0.0	0.0	0.0	0.0	0.0	0.0
5270.181090309411	64.54311404679265	4165.813570857283	27774808.72465489	3364.9601056343017	6.505400000901773	11322956.512510411	42.320229171732784	3427.39979843303	9.72382918844005	94.55285408595869	11747069.378298774	3391.3115063180926	7459.8191894474785	1.790255	141.257858	0.6586458705457925	0.2778465587844408	0.0548788063	-0.0621149406	-0.0495454981	0.2008769996	0.042887234	-0.1074753825	-0.0164384839	0.0857250253	-0.1144606994	0.0235547134	0.2305070841	0.0535222582	-0.0750050408	0.0238867831	-0.0373723285	-0.0879817174	0.0478255298	-0.0451689653	0.0555400829	-0.0248600497	0.1329106324	-0.0417927357	-0.001972666	0.0427763565	-0.1239348319	0.1405629506	0.1006169894	0.0003921666	0.2617108919	-0.0726243995	-0.0695376684	-0.0254746889	-0.1854666514	-0.0475201537	-0.0471570547	-0.0541485746	-0.0135003263	0.1816423528	0.0147743561	0.1376472284	0.1019842706	-0.0739929579	0.1381538676	-0.1149646274	0.2118323599	0.3449748346	0.1990467058536609	0.0795155593635429	0.0063227241808971	0.0396195911111938	0.1761628903575882	0.0075687168802431	0.0310333639391396	5.728547521327816e-05	-0.6827135261775652	0.1771549329142914	0.031383870255867	0.466097758825805	-0.0062058755635451	0.002080919322737	3.851289151020621e-05	4.330225227740214e-06	0.0139854609403631	0.002860349617298	8.181599933177386e-06	0.0001955931177144	0.0063598049162318	-0.0029468642877192	4.044711857252617e-05	8.68400913023479e-06	0.0	0.0	0.0	0.0	1.0	0.0	0.0	0.0	0.0	0.0	0.0	0.0	0.0	0.0	0.0	0.0	0.0	0.0	0.0	0.0	0.0	0.0	0.0	0.0	0.0	0.0	0.0	0.0	0.0	0.0	0.0	0.0	0.0	0.0	0.0	0.0	0.0	0.0	0.0	0.0	0.0	0.0	0.0	0.0	0.0
5316.828393610329	46.64730330091788	2175.970905247824	28268664.167100992	3335.013681134951	-29.94642449935054	11122316.2533573	896.7883402953023	3454.1891960969224	26.789397663892487	717.6718271941683	11931423.002432702	3411.614097464156	7151.429697031891	1.423625	112.329399	1.2567049270647894	0.7351852130277435	-0.0040224703	-0.2830620585	0.161067904	-0.011714677	0.0066036035	0.0022740513	-0.018727366	-0.1498086677	0.0148599584	-0.1030257377	0.0031047106	-0.0746561115	0.1023148945	0.0393844895	-0.0744315415	0.0628932323	-0.0702379868	-0.0235084867	-0.0997587955	-0.0673919674	-0.0886905557	0.0687066825	0.0611305826	0.0672525145	-0.1348799308	0.2351891229	0.0306450998	-0.0559831508	-0.0099591195	-0.1684225813	0.1104171752	0.1341163344	-0.2012516139	-0.0241837051	0.1231982018	-0.2437756408	0.031968676	-0.1220009567	-0.2371842088	-0.0527817756	-0.1017428962	-0.0637746178	0.0415385694	-0.0191775037	-0.1242487361	-0.2368042314	0.6193126095343615	0.4202659036807006	0.1766234297965559	0.3835481083282605	0.1252098043645446	-0.0509530859930436	0.0156774951090075	0.0025962169722144	-0.64188580451723	0.0408277216603352	0.0016669028559738	0.4120173860407315	-0.0088274300839759	-0.0026215545204308	7.792352188748277e-05	6.872548103591162e-06	0.0106584520133701	-0.0033270089269929	1.1068988400291109e-05	0.0001136025993213	0.0153044057834222	0.0089446008671904	0.0002342248363836	8.000588467334325e-05	0.0	0.0	0.0	0.0	0.0	1.0	0.0	0.0	0.0	0.0	0.0	0.0	0.0	0.0	0.0	0.0	0.0	0.0	0.0	0.0	0.0	0.0	0.0	0.0	0.0	0.0	0.0	0.0	0.0	0.0	0.0	0.0	0.0	0.0	0.0	0.0	0.0	0.0	0.0	0.0	0.0	0.0	0.0	0.0	0.0
5306.475158371831	-10.3532352384982	107.18947990368088	28158678.606417347	3320.781413136183	-14.232267998768291	11027589.193830743	202.55745238876403	3444.857948593303	-9.33124750361958	87.07217997380663	11867046.28598646	3404.2923868276544	7410.038683516355	1.169166	92.251587	0.3315472953633837	0.1658764085317435	0.047928504	-0.1542420172	-0.0148260173	0.177713593	0.0747829669	-0.0400031653	-0.0615058408	0.1350107072	-0.0120912279	-0.0700936456	0.0212281049	-0.0608824835	0.0340425234	0.057701224	-0.0354851045	-0.001309046	-0.0613779346	-0.0557008099	-0.0498595801	-0.0110120552	-0.0056547096	-0.0237253989	0.0438237021	0.0970845011	-0.0988932834	0.1989758832	0.1606011179	-0.0251263821	0.1600013627	-0.1993150596	-0.153204422	0.0432478533	-0.2027240296	-0.0559086677	0.0525019454	-0.1971220532	-0.0016148113	0.0391941792	-0.0958479916	-0.0843966019	-0.0826184141	-0.0709604528	0.0700349638	-0.1509178304	0.0654370538	0.2351477453	0.6606755508767179	0.0413629413423564	0.0017108929164912	0.4364921835262547	0.0995834332736791	-0.0256263710908654	0.0099168601825733	0.0006567108952867	-0.7732584063116619	-0.1313726017944319	0.0172587605022383	0.5979285629316512	-0.0076926108834947	0.0011348192004811	5.917626220486111e-05	1.2878146177807896e-06	0.0112240836101189	0.0005656315967488	3.1993910324059724e-07	0.0001259800528869	0.0162676626089068	0.0009632568254845	0.0002646368467572	9.278637118426656e-07	0.0	0.0	0.0	0.0	0.0	0.0	0.0	0.0	0.0	0.0	0.0	0.0	0.0	0.0	0.0	0.0	0.0	0.0	0.0	0.0	0.0	0.0	0.0	0.0	0.0	0.0	0.0	0.0	0.0	0.0	0.0	0.0	0.0	0.0	0.0	0.0	0.0	0.0	0.0	0.0	0.0	0.0	0.0	0.0	0.0
5251.517578765151	-54.95757960668016	3020.3355562245865	27578436.88007939	3374.907491678928	54.12607854274529	11390000.577390555	2929.632378415432	3417.1441344876885	-27.713814105614347	768.0554922805487	11676874.035863614	3381.865328652057	7342.784073601158	1.905698	150.366776	3.23514966434881	1.705716452460092	0.0142039514	0.1505649828	0.4447825477	0.2181945496	0.0808992826	-0.0336457568	0.0113470376	0.1706625825	0.1504282038	0.0075847406	0.1016431688	-0.1127864155	-0.1462692322	0.1065885829	-0.0737243348	0.0476531024	-0.1119748401	-0.1401599378	0.1203700731	-0.0882852715	-0.0469419631	0.0338850563	0.0889607671	0.1726133729	0.0545572194	0.1321031327	-0.4202776474	0.4259817688	-0.0872183229	0.0262591881	0.4497466791	-0.2470594403	-0.0709188154	0.1951507483	0.1101523083	-0.0465998208	-0.3130398095	0.0497155701	-0.1517996982	-0.1610579138	-0.0922266507	-0.0799025343	0.0242377351	-0.0848893239	0.0637771637	0.0376256129	1.0456021629517664	0.3849266120750485	0.1481684966835749	1.0932838831694125	0.450177398424529	0.3505939651508498	0.2026596900522771	0.1229161284001953	-1.2011675318926436	-0.4279091255809817	0.1831062197554804	1.442803439673065	0.0093563205710915	0.0170489314545862	8.754073462902998e-05	0.0002906660637431	0.008290136336277	-0.0029339472738419	8.608046605684326e-06	6.872636047406023e-05	0.0377191831113173	0.0214515205024105	0.001422736774585	0.0004601677318653	0.0	0.0	0.0	0.0	0.0	0.0	1.0	0.0	0.0	0.0	0.0	0.0	0.0	0.0	0.0	0.0	0.0	0.0	0.0	0.0	0.0	0.0	0.0	0.0	0.0	0.0	0.0	0.0	0.0	0.0	0.0	0.0	0.0	0.0	0.0	0.0	0.0	0.0	0.0	0.0	0.0	0.0	0.0	0.0	0.0
5196.081272866315	-55.4363058988356	3073.1840117092747	26999260.594232023	3306.097958828969	-68.8095328499594	10930283.713373074	4734.751811029641	3413.901648007798	-3.242486479890431	10.513718572272236	11654724.46227036	3379.7457286219164	7177.578630706759	1.553245	122.556892	1.351974085934522	0.679561534568804	0.0012631038	-0.0944623866	0.2579341318	0.1350294631	0.1621688884	0.0356833535	-0.0488531041	0.0961270826	0.0414140597	0.0652761331	0.117181628	-0.1954650437	-0.1849900103	0.1602997962	-0.1141152302	-0.0072781128	-0.1928041771	-0.1932973037	0.1560068657	-0.1078084467	-0.0368280523	0.0619246577	0.0915374767	0.1999140745	0.0847007093	0.0779322709	-0.1814990878	0.0130699377	-0.1967154136	0.0468843031	0.0817554499	-0.0605083841	0.1424994826	0.0711641338	-0.2736237172	0.0481895664	0.2302930021	0.0008477038	-0.1753749265	0.142376196	0.3702181747	-0.012678639	-0.0004502917	-0.0227799841	0.17044026	0.1820439162	1.4393564087447572	0.3937542457929908	0.155042406080007	2.071746871394605	0.5290259329549087	0.0788485345303797	0.2798684377388116	0.0062170913975884	-1.0679233355843325	0.133244196308311	0.0177540158498477	1.1404602506855668	0.0041373917384604	-0.0052189288326311	1.7118010397480373e-05	2.723721816006821e-05	0.0084196454978742	0.0001295091615972	1.6772622937609862e-08	7.089043030987329e-05	0.0472932873031458	0.0095741041918285	0.0022366550239378	9.166347107598812e-05	0.0	0.0	0.0	0.0	0.0	0.0	0.0	1.0	0.0	0.0	0.0	0.0	0.0	0.0	0.0	0.0	0.0	0.0	0.0	0.0	0.0	0.0	0.0	0.0	0.0	0.0	0.0	0.0	0.0	0.0	0.0	0.0	0.0	0.0	0.0	0.0	0.0	0.0	0.0	0.0	0.0	0.0	0.0	0.0	0.0
5362.725917111382	166.64464424506696	27770.437455564926	28758829.262058116	3305.555004351372	-0.5429544775965951	10926693.8867924	0.2947995647421915	3452.2383546994683	38.33670669167032	1469.7030799631596	11917949.657658093	3404.9585915224143	7752.725414634302	1.322162	104.323601	0.818534975382397	0.4285857662906711	0.0966890698	-0.1867389957	0.072170593	0.1728221758	0.1369171537	-0.0185094257	-0.0826900406	0.0820717317	0.0406511968	-0.0761250433	-0.0105692582	-0.1869209594	0.113194375	0.1283242552	-0.0771192566	0.1522154482	-0.1836872585	-0.1175279002	-0.1100489371	-0.0523243789	-0.172490248	-0.0956028581	0.0969264771	0.2617186186	0.1130042972	0.0817137795	0.0137593848	0.0342127977	-0.0994154782	-0.0931476024	-0.1402820768	-0.0720459383	0.1403283364	0.0458691119	-0.012761347	0.2038048696	0.0730628889	0.0209445651	0.1076784448	-0.0045222112	0.3640254161	0.0078103077	-0.1603826987	0.0455104672	-0.0194911136	0.1416957772	1.2605304271429532	-0.178825981601804	0.0319787316958487	1.588936957753196	0.5248476597275129	-0.0041782732273958	0.2754650659214471	1.7457967162772805e-05	-0.9953190250725256	0.0726043105118069	0.0052713859048948	0.9906599616713228	-0.0006202803538823	-0.0047576720923427	3.8474771741235123e-07	2.263544373825657e-05	0.0104617033842113	0.002042057886337	4.170000411151541e-06	0.0001094472376992	0.0428344890809978	-0.004458798222148	0.0018347934548301	1.9880881585830175e-05	0.0	0.0	0.0	0.0	0.0	0.0	0.0	0.0	1.0	0.0	0.0	0.0	0.0	0.0	0.0	0.0	0.0	0.0	0.0	0.0	0.0	0.0	0.0	0.0	0.0	0.0	0.0	0.0	0.0	0.0	0.0	0.0	0.0	0.0	0.0	0.0	0.0	0.0	0.0	0.0	0.0	0.0	0.0	0.0	0.0
5098.327636319887	-264.3982807914954	69906.45088549843	25992944.68726312	3307.5320907230425	1.9770863716703388	10939768.53116274	3.908870521044585	3402.0004533589567	-50.2379013405116	2523.846731098977	11573607.084654547	3369.4637454437625	6546.637133654789	1.815616	143.258957	1.5623961925002217	0.8592461427437896	-0.0945110806	0.0019217787	0.1322066359	0.2024192478	0.1057269144	0.0483543446	-0.0024094714	0.0893543022	0.0105770066	0.2501234955	-0.0457594143	-0.1559494896	-0.3116789881	0.0154990755	-0.0049378074	0.0709302392	-0.1496952197	-0.119801441	0.2853521255	0.0032054389	2.81244e-05	-0.037938511	0.138463217	0.1111252895	0.1102113289	0.1285322302	-0.1079670441	-0.0400851351	-0.0176838901	0.0237656284	-0.1585694657	0.0351850957	0.2896857481	0.0685022398	-0.3345171881	-0.2417465458	-0.0139766904	-0.1830525355	-0.0357471154	0.2555343313	-0.3274127613	0.1528812746	0.2226066731	-0.0184458343	0.2535022588	-0.0149121926	1.1289193757891098	-0.1316110513538433	0.0173214688384639	1.2744589570320737	0.2769546993097691	-0.2478929604177437	0.0767039054697646	0.061450919824673	-0.7217512826554611	0.2735677424170645	0.0748393096911693	0.5209249140148032	-0.0122064089533933	-0.011586128599511	0.0001489964195374	0.0001342383759244	0.0085100362780283	-0.0019516671061829	3.8090044933567207e-06	7.242071745335777e-05	0.0381857960204604	-0.0046486930605374	0.0014581550177162	2.161034717108861e-05	0.0	0.0	0.0	0.0	0.0	0.0	0.0	0.0	0.0	1.0	0.0	0.0	0.0	0.0	0.0	0.0	0.0	0.0	0.0	0.0	0.0	0.0	0.0	0.0	0.0	0.0	0.0	0.0	0.0	0.0	0.0	0.0	0.0	0.0	0.0	0.0	0.0	0.0	0.0	0.0	0.0	0.0	0.0	0.0	0.0
5240.6828578182485	142.35522149836197	20265.0090878477	27464756.816230044	3311.360070165669	3.827979442626656	10965105.514287584	14.653426613172286	3431.198006833775	29.19755347481805	852.4971289148597	11773119.762100069	3390.3473415691665	7259.185713466288	1.65637	130.693802	1.2249052544139116	0.6562540487910948	0.023257803	-0.160977639	0.0928139202	0.0827082724	0.1157213832	-0.0025928647	0.015099597	0.07882185	-0.1104451918	-0.1743236969	0.1825786113	-0.1466520242	-0.0270324296	0.0977747206	-0.0207095334	0.2549717726	-0.1398567054	-0.112177281	0.0289510067	0.0152780474	-0.2012043636	-0.0788120039	0.0937340937	0.1481023949	0.056831212	0.2053536621	0.0972510036	0.0977613086	0.0134508472	-0.1441075155	-0.179689882	-0.0544220726	0.2411632112	-0.0121667709	0.0832717274	0.0459634555	0.0095648922	0.032919168	0.1378932717	-0.0599359813	-0.1018428612	-0.0001231152	-0.0772996266	0.1070710136	-0.1294362946	-0.0825466074	1.0782129198788937	-0.0507064559102161	0.0025711446709746	1.1625431005937696	0.4874251557790217	0.2104704564692525	0.2375832824862035	0.0442978130463755	-0.516013824564773	0.2057374580906881	0.0423279016616176	0.2662702671419643	-0.0035099579529576	0.0086964510004357	1.2319804831530307e-05	7.562826000297911e-05	0.0111842064902378	0.0026741702122095	7.1511863238686025e-06	0.0001250864748162	0.0343965995542305	-0.0037891964662298	0.001183126060894	1.4358009859689136e-05	0.0	0.0	0.0	0.0	0.0	0.0	0.0	0.0	0.0	0.0	1.0	0.0	0.0	0.0	0.0	0.0	0.0	0.0	0.0	0.0	0.0	0.0	0.0	0.0	0.0	0.0	0.0	0.0	0.0	0.0	0.0	0.0	0.0	0.0	0.0	0.0	0.0	0.0	0.0	0.0	0.0	0.0	0.0	0.0	0.0
5343.140995682893	102.4581378646444	10497.67001469048	28549155.69974717	3298.1383601367315	-13.22171002893765	10877716.642605407	174.81361608931044	3458.511641154917	27.313634321142217	746.0346198290781	11961302.772004075	3413.2194688432287	7283.301400854232	1.117471	88.172684	0.4763670259672926	0.2724584734039217	0.0169098381	-0.1565368274	0.1127590038	0.1740760341	0.1323950711	0.017616527	-0.0647088836	0.0817649	0.0286153421	-0.1390616255	0.0172020129	-0.1591979948	0.0838234013	0.0883997014	-0.0526410101	0.0564241491	-0.1593422259	-0.0710742477	-0.078136185	-0.0556148447	-0.0864472927	-0.0523924154	0.1024119898	0.1632792551	0.0568870136	0.202495733	0.0171371074	-0.0302138096	0.0125658055	-0.1457035157	-0.1071293329	-0.0122622624	0.2158166644	0.0691101167	0.036117878	0.0260748417	0.0213848284	-0.0624427606	0.0172738345	0.0141934308	-0.0550485511	-0.0258291311	-0.0641023807	0.1052936993	-0.1855065009	-0.1887187213	1.0535213724006525	-0.0246915474782412	0.0006096725168702	1.1099072821049545	0.3924844084126277	-0.0949407473663939	0.1540440108470103	0.0090137455104894	-0.7101533332151604	-0.1941395086503874	0.0376901488190138	0.5043177566766026	-0.0061313945388139	-0.0026214365858562	3.759399899059692e-05	6.871929773665933e-06	0.0110625979138616	-0.0001216085763762	1.4788645848246244e-08	0.0001223810726037	0.0338877402670176	-0.0005088592872128	0.0011483789404048	2.589377741828204e-07	0.0	0.0	0.0	0.0	0.0	0.0	0.0	0.0	0.0	0.0	0.0	0.0	0.0	0.0	0.0	0.0	0.0	0.0	0.0	0.0	0.0	0.0	0.0	0.0	0.0	0.0	0.0	0.0	0.0	0.0	0.0	0.0	0.0	0.0	0.0	0.0	0.0	0.0	0.0	0.0	0.0	0.0	0.0	0.0	0.0
5239.250495625737	-103.8905000571558	10793.23600212589	27449745.75591453	3296.805433650759	-1.3329264859726209	10868926.06734917	1.7766930170073194	3433.634476873962	-24.877164280955185	618.8733026616325	11789845.720777525	3391.723958510944	7185.010972890227	1.093619	86.290627	0.3826163606841338	0.178899133209905	0.0043841747	-0.1548988933	0.0451636734	0.1567791505	0.1189724046	-0.0044945727	-0.1009614481	0.0581841574	-0.0269087543	-0.1769485061	0.0797451432	-0.0977292496	0.0218183765	0.0833777582	0.0159407476	0.2047749185	-0.0995498805	-0.0923689843	-0.0388359973	0.0286820705	-0.1511973142	-0.1127686314	0.1015442249	0.1701463721	0.0259848623	0.1787975343	0.0520258547	0.1765836559	0.0582672539	-0.2162602207	-0.1883379828	-0.0434379711	0.0806819418	-0.0270915803	0.1266512286	0.1098097391	-0.045338191	-0.0057386402	0.2183209279	-0.0477922274	-0.1745991388	-0.0202737738	-0.0063570353	0.0954226467	-0.1216777987	0.032592133	0.9903861813753848	-0.0631351910252676	0.003986052345797	0.9808647882593168	0.3248686635397746	-0.0676157448728531	0.1055396485501192	0.0045718889547107	-0.8078661090848485	-0.097712775869688	0.0095477865681598	0.6526476502078923	-0.0065073042865476	-0.0003759097477337	4.234500907772077e-05	1.413081384412142e-07	0.0106261324791201	-0.0004364654347415	1.905020757240868e-07	0.0001129146914638	0.0316170624711663	-0.0022706777958513	0.0009996386393056	5.155977652572119e-06	0.0	0.0	0.0	0.0	0.0	0.0	0.0	0.0	0.0	0.0	0.0	0.0	0.0	0.0	0.0	0.0	0.0	0.0	0.0	0.0	0.0	0.0	0.0	0.0	0.0	0.0	0.0	0.0	0.0	0.0	0.0	0.0	0.0	0.0	0.0	0.0	0.0	0.0	0.0	0.0	0.0	0.0	0.0	0.0	0.0
5251.390144485552	12.13964885981477	147.37107443960204	27577098.449599985	3401.809561767176	105.00412811641718	11572308.294530587	11025.866921488952	3432.2231959909386	-1.4112808830232098	1.9917137307867707	11780156.067098252	3399.8295541955063	7214.62270424302	1.69424	133.681946	5.171638978025646	2.7137235723492403	0.0240859471	0.0780243726	-0.1745844147	-0.0168174783	-0.1287409337	0.0171378913	0.5753033423	0.1894900394	-0.2095423619	-0.3428141489	0.1079293548	0.1297180488	-0.0157804272	-0.0657110874	0.2034817677	0.2167906055	0.1275742471	0.1322196283	0.051401995	0.2383387522	-0.3865935844	0.4259983723	-0.0626553608	-0.1775793318	0.0978081622	0.0661300022	0.1295642574	0.2239942433	0.1572848006	0.1024798535	0.1548633073	0.1051629572	0.0413440754	0.1505650579	0.0831729523	-0.2940905745	-0.013116098	-0.1198455432	0.0893905927	0.3762794942	0.2306838929	0.1609375321	-0.15466541	0.2297173554	0.0282484965	-0.280446527	-0.4229706935885673	-1.4133568749639522	1.9975776560078689	0.1789042076347937	0.3069020149901291	-0.0179666485496455	0.0941888468050014	0.0003228004601064	-0.0976340205246302	0.7102320885602182	0.5044296196206097	0.0095324019638039	0.0024594846334449	0.0089667889199925	6.049064662151594e-06	8.040330353570027e-05	0.0001937149448971	-0.0104324175342229	0.0001088353356083	3.75254798764865e-08	-0.0095853983936548	-0.0412024608648211	9.187986236508e-05	0.0016976427813171	0.0	0.0	0.0	0.0	0.0	0.0	0.0	0.0	0.0	0.0	0.0	1.0	0.0	0.0	0.0	0.0	0.0	0.0	0.0	0.0	0.0	0.0	0.0	0.0	0.0	0.0	0.0	0.0	0.0	0.0	0.0	0.0	0.0	0.0	0.0	0.0	0.0	0.0	0.0	0.0	0.0	0.0	0.0	0.0	0.0
5283.613009284466	32.22286479891409	1038.3130158490967	27916566.43188005	3295.846716807826	-105.96284495935016	10862605.580692926	11228.124511879278	3442.8204339845192	10.59723799358062	112.30145309258862	11853012.540661354	3395.659934557112	7328.985504471517	1.354989	106.913765	1.386753093826313	0.7647519468080887	0.0416816056	0.0339473003	-0.154855502	0.0089799872	-0.1106521637	0.1399485778	0.0731272565	-0.1024546727	-0.134031088	-0.0043991918	-0.1771975325	0.0533388393	0.0298005331	-0.0393641221	0.0847013151	0.0063659224	0.0546039357	0.0812528546	0.0066048639	0.0965455112	0.0259074024	0.0049078452	-0.0327575484	-0.1350643387	-0.0211452914	0.0741708883	0.1370049097	0.0723483255	0.2292138137	0.1580781902	0.1531517187	0.1159124788	0.1315077982	0.0435365735	-0.1133963693	-0.2157221571	-0.0059376099	0.0140372776	0.2149718667	0.0081805369	0.0636600227	-0.2085381478	0.0123419369	0.1524352882	0.1101888197	0.1240617755	-0.0576468786862136	0.3653238149023537	0.1334614897348092	0.003323162622263	0.0683213521045189	-0.2385806628856102	0.0046678071533896	0.0569207327029371	0.0127874023539789	0.1104214228786091	0.0121928906305366	0.0001635176589625	-0.0001689002845673	-0.0026283849180121	2.852730612691492e-08	6.908407277233998e-06	-0.0002520668064598	-0.0004457817513569	1.98721369842825e-07	6.353767491884226e-08	0.0007889788001709	0.0103743771938257	6.22487547119113e-07	0.0001076277021597	0.0	0.0	0.0	0.0	0.0	0.0	0.0	0.0	0.0	0.0	0.0	0.0	1.0	0.0	0.0	0.0	0.0	0.0	0.0	0.0	0.0	0.0	0.0	0.0	0.0	0.0	0.0	0.0	0.0	0.0	0.0	0.0	0.0	0.0	0.0	0.0	0.0	0.0	0.0	0.0	0.0	0.0	0.0	0.0	0.0
5239.813168663035	-43.79984062143103	1918.42603846276	27455642.042494558	3281.665615273025	-14.181101534800746	10769329.210465282	201.10364074032807	3423.665857821296	-19.15457616322328	366.8977879927216	11721487.90601123	3380.814375486081	6952.057823955737	1.403902	110.773193	1.7265164497887846	0.8784109208854937	-0.0203901157	-0.2920537757	0.1394246335	-0.1554623551	0.0315386073	0.0183529754	-0.193650336	-0.2797518358	-0.1133872122	-0.1870486006	0.0526495288	-0.016561508	0.0083525065	0.065786177	-0.0377476506	0.0756484008	-0.0123167588	-0.0881858441	-0.0287006445	-0.0292461932	-0.033699136	0.0766837189	0.0008011285	0.0383070081	-0.1607811125	0.1781785081	0.1512745815	0.0397480694	-0.0858732642	-0.1172994643	0.2257936726	0.1970880512	-0.1018614391	-0.136552554	-0.0650673289	-0.1322533102	0.0772289751	0.0081426751	0.013346067	-0.2907712112	0.0536767178	0.1501866247	-0.036214748	0.1252881292	-0.0057386222	-0.0164371943	0.4226415406516111	0.4802884193378247	0.2306769657500261	0.1786258718843674	-0.0444835727120533	-0.1128049248165722	0.0019787882412285	0.0127249510628725	-0.5495741888519987	-0.5623615912059776	0.3162505592637191	0.3020317890523323	-0.0012248052931921	-0.0010559050086247	1.500148006231386e-06	1.1149353872389387e-06	0.0018239842282408	0.0020760510347006	4.309987898681431e-06	3.326918464871187e-06	0.0090782530454137	0.0082892742452428	8.241467835656313e-05	6.87120675128456e-05	0.0	0.0	0.0	0.0	0.0	0.0	0.0	0.0	0.0	0.0	0.0	0.0	0.0	1.0	0.0	0.0	0.0	0.0	0.0	0.0	0.0	0.0	0.0	0.0	0.0	0.0	0.0	0.0	0.0	0.0	0.0	0.0	0.0	0.0	0.0	0.0	0.0	0.0	0.0	0.0	0.0	0.0	0.0	0.0	0.0
5189.201148026216	-50.61202063681867	2561.576632941759	26927808.5546766	3205.191149306486	-76.47446596653936	10273250.303592632	5848.343944867386	3415.943557823747	-7.722299997548816	59.63391725214245	11668670.39023756	3367.6764237262337	7100.655900060634	1.951885	154.011108	3.342785197434689	2.053014520399698	0.0083540678	0.157366213	0.1367573676	-0.1776708196	-0.1877514671	0.3094054398	0.0475047367	0.2718876865	0.0243620689	-0.1478176877	-0.4559402154	0.1703971375	-0.1381683525	-0.1057741252	0.1605228179	0.0650353003	0.1645143629	0.08440522	0.2026024284	0.1411734895	-0.2046911219	-0.0458154967	-0.0725064375	-0.1960665623	0.1131797316	0.1653165657	-0.2618687021	-0.2762605537	-0.060711126	-0.0053022312	0.1191965375	0.1056904644	0.0870557767	-0.0108022897	0.3315032691	0.0028108092	0.0012211467	0.0932569848	0.4085772745	-0.1205502043	-0.0376451868	0.1975811482	-0.0912115527	0.0278438707	0.297632574	0.1962250873	-0.6855369142447785	-1.1081784548963896	1.2280594878965494	0.4699608607922527	0.1375874631237792	0.1820710358358325	0.0189303100088373	0.033149862090333	-0.4481388812437572	0.1014353076082414	0.0102891216295785	0.2008284568824063	0.0033710164108174	0.0045958217040095	1.1363751642000229e-05	2.1121577135044785e-05	0.0102389098545216	0.0084149256262808	7.081097329583731e-05	0.000104835275009	-0.0169330076061805	-0.0260112606515942	0.0002867267465909	0.0006765856806851	0.0	0.0	0.0	0.0	0.0	0.0	0.0	0.0	0.0	0.0	0.0	0.0	0.0	0.0	1.0	0.0	0.0	0.0	0.0	0.0	0.0	0.0	0.0	0.0	0.0	0.0	0.0	0.0	0.0	0.0	0.0	0.0	0.0	0.0	0.0	0.0	0.0	0.0	0.0	0.0	0.0	0.0	0.0	0.0	0.0
5298.361596474682	109.160448448466	11916.003505470206	28072635.606997743	3341.583973907229	136.3928246007431	11166183.454673627	18603.00260256907	3425.590954459167	9.647396635419682	93.072261841107	11734673.387272466	3383.583550236454	7757.051326315895	1.967132	155.214127	1.7182215277490922	1.1536935959224437	0.1176850075	0.1801755841	-0.1306687798	0.1645519351	-0.0660241744	-0.0519274748	-0.1360035967	-0.0620656782	-0.1207588703	0.1442277358	0.0138259247	0.1018307727	-0.0342826078	0.0269538131	0.0573145882	0.0711844288	0.1033224109	-0.0376366741	0.030444974	0.0477416456	0.0260663669	-0.1717468588	-0.103847296	-0.0397139357	0.0169077271	-0.0257766956	0.0440704438	0.0548886361	0.3161052784	0.1284771607	-0.0641404707	-0.1419929512	0.0627130401	0.0335181426	-0.1532441847	0.0278713768	-0.1125611686	0.1195919186	-0.0924081221	-0.1904280725	0.0715019326	-0.0120678258	-0.0477076339	0.1761141348	-0.0706107691	0.0734294913	-0.0462325135197119	0.6393044007250666	0.4087101167864365	0.0021374453063503	0.1561649011250665	0.0185774380012873	0.0243874763434017	0.0003451212026916	-0.4595947398941504	-0.0114558586503931	0.0001312366974177	0.2112273249383717	0.0058670681388886	0.0024960517280711	3.442248854636174e-05	6.230274229207222e-06	0.0053071633709007	-0.0049317464836209	2.4322123378707114e-05	2.816598304543008e-05	-0.0033831292104257	0.0135498783957548	1.1445563254435622e-05	0.0001835992045397	0.0	0.0	0.0	0.0	0.0	0.0	0.0	0.0	0.0	0.0	0.0	0.0	0.0	0.0	0.0	1.0	0.0	0.0	0.0	0.0	0.0	0.0	0.0	0.0	0.0	0.0	0.0	0.0	0.0	0.0	0.0	0.0	0.0	0.0	0.0	0.0	0.0	0.0	0.0	0.0	0.0	0.0	0.0	0.0	0.0
5318.351963051121	19.99036657643865	399.61475586039535	28284867.602889717	3313.813475757287	-27.770498149941886	10981359.752110591	771.2005674959257	3445.9671144650933	20.37616000592652	415.1878965871195	11874689.353974884	3403.7150322181747	7408.711910710083	1.669454	131.726196	2.00023708348374	0.8515086329147569	0.0479857016	-0.2916888586	0.1730298575	-0.1416989342	-0.0214800599	-0.0027982122	-0.0929784061	-0.0984960961	0.1415781016	-0.2283389454	-0.1216388744	0.001413843	0.092752438	0.0840741379	-0.1531097905	-0.0737345243	0.0047625722	-0.0719944731	-0.1149741906	-0.1508577019	-0.0357742379	0.1173490409	-0.0274451643	0.1302166363	-0.2312347099	0.1414274349	0.0634101185	-0.2543441182	-0.0624045605	-0.1154744411	0.1496905443	0.0633999751	-0.1413257535	-0.0594160627	-0.1355737462	-0.0229061139	-0.1202278068	0.0075966646	-0.0164750399	0.1163719734	0.2158845786	0.0406977279	-0.0396685727	-0.0316140809	0.0200596203	0.0139902593	0.2531777423225918	0.2994102558423037	0.0896465013035537	0.0640989692075647	0.0643501090086147	-0.0918147921164518	0.0041409365294205	0.0084299560513872	-0.9081540312029048	-0.4485592913087544	0.201205437819412	0.8247437443900867	-0.0010231147363309	-0.0068901828752195	1.046763763697447e-06	4.7474620053968056e-05	0.0122933541515746	0.0069861907806738	4.880686162397299e-05	0.000151126556296	0.0059495520180055	0.0093326812284312	3.539716921495332e-05	8.70989389115121e-05	0.0	0.0	0.0	0.0	0.0	0.0	0.0	0.0	0.0	0.0	0.0	0.0	0.0	0.0	0.0	0.0	1.0	0.0	0.0	0.0	0.0	0.0	0.0	0.0	0.0	0.0	0.0	0.0	0.0	0.0	0.0	0.0	0.0	0.0	0.0	0.0	0.0	0.0	0.0	0.0	0.0	0.0	0.0	0.0	0.0
5285.910982062975	-32.44098098814629	1052.4172474732693	27940854.910293963	3330.278807627494	16.465331870207137	11090756.936532805	271.1071535960589	3444.7990363970503	-1.1680780680430871	1.364406373043271	11866640.401162043	3401.8015270614515	7726.789021737261	1.633501	128.889374	1.6076075123455766	0.7877414005646364	0.1083552029	0.17407551	0.0142694105	0.1452835656	-0.0626562648	-0.0041904694	-0.0936906849	0.1941548375	0.0662374937	0.0792335704	0.0729254228	0.0760602898	0.039717963	0.0547953317	-0.0558938174	-0.0107475774	0.0762005517	-0.0565326394	-0.0428795856	-0.0531069847	0.0403044349	-0.1429669056	-0.0795206884	0.0688076178	-0.0419981626	-0.0696079818	-0.1425892628	0.1304964013	0.2655202549	0.0910868068	-0.0304519204	-0.2347521012	-0.2059229101	-0.0893761359	-0.1332431678	-0.042399624	0.0056614634	-0.0762814943	0.2824041096	-0.0854595142	-0.0271222115	0.3576446449	-0.1320088705	-0.1117410087	-0.0346622786	-0.0824546798	0.0075047374032379	-0.2456730049193539	0.0603552253461049	5.632108349155793e-05	0.3648678737914679	0.3005177647828532	0.1331285653251065	0.0903109269500822	-0.9241481483858892	-0.0159941171829843	0.000255811784463	0.8540498001650675	0.0082375552237006	0.0092606699600315	6.785731606351704e-05	8.576000810862982e-05	0.0073700003378245	-0.00492335381375	2.423941277536765e-05	5.4316904979533247e-05	-0.0007748767174206	-0.0067244287354261	6.004339272005244e-07	4.521794181782426e-05	0.0	0.0	0.0	0.0	0.0	0.0	0.0	0.0	0.0	0.0	0.0	0.0	0.0	0.0	0.0	0.0	0.0	1.0	0.0	0.0	0.0	0.0	0.0	0.0	0.0	0.0	0.0	0.0	0.0	0.0	0.0	0.0	0.0	0.0	0.0	0.0	0.0	0.0	0.0	0.0	0.0	0.0	0.0	0.0	0.0
5317.196960834379	31.28597877140419	978.8124676847536	28272583.52030636	3345.21401421942	14.935206591925636	11190456.800930005	223.06039594349892	3447.9115952287225	3.1125588316722315	9.688022480620807	11888094.368512671	3409.9944736112243	7887.761397426929	1.159818	91.513992	1.7781869216225914	0.921128216016284	0.1491292558	0.0895916498	-0.0520661822	-0.0878283181	-0.1071664483	-0.114248966	-0.0002189524	0.0714361309	-0.007164172	0.0041238624	0.1183662024	0.1374062652	0.0611286719	0.048908759	-0.0015506378	0.0391043674	0.1387437882	-0.0425621989	-0.0756326468	0.0108215198	-0.0203462615	-0.0259828656	-0.1463058472	-0.0334907597	0.1281161338	-0.0635410645	-0.0220622478	0.0681702184	-0.0945204065	-0.009910699	-0.0366288039	-0.1084911011	-0.1373115129	-0.048247152	0.0319243807	-0.1847943687	0.1622659921	-0.1811673625	0.0611448432	-0.1077658297	-0.0026908261	-0.0106767692	0.0827910496	0.2188150967	-0.0606027633	0.0264032657	-0.3167619815639142	-0.3242667189671521	0.105148905029722	0.1003381529642975	0.4945916059664625	0.1297237321749946	0.2446208566924845	0.0168282466894097	-0.7267581703413697	0.1973899780445195	0.0389628034324159	0.5281774381579353	0.0125225742526284	0.0042850190289278	0.0001568148659125	1.836138807827335e-05	0.0039641107217396	-0.0034058896160848	1.1600084076954946e-05	1.5714173814210853e-05	-0.0156200979211264	-0.0148452212037058	0.0002439874590655	0.0002203805925869	0.0	0.0	0.0	0.0	0.0	0.0	0.0	0.0	0.0	0.0	0.0	0.0	0.0	0.0	0.0	0.0	0.0	0.0	1.0	0.0	0.0	0.0	0.0	0.0	0.0	0.0	0.0	0.0	0.0	0.0	0.0	0.0	0.0	0.0	0.0	0.0	0.0	0.0	0.0	0.0	0.0	0.0	0.0	0.0	0.0
5300.219013088454	-16.97794774592512	288.2507096633639	28092321.586704344	3295.742821645611	-49.47119257380882	10861920.746428574	2447.3988946748773	3446.706909675359	-1.2046855533635608	1.4512672824828683	11879788.521203864	3404.701593449001	7603.924514950479	0.941428	74.28224899999998	2.0116842877905485	1.1066102737913892	0.0988803161	-0.0236613057	0.0069969308	-0.0534238124	-0.0767491613	-0.0259454752	-0.1448451314	-0.0194029854	0.0620222581	0.0012583369	0.0667331784	0.0255487443	0.0751138961	0.0993338099	-0.144984264	-0.0870296967	0.0287281362	-0.0988983282	-0.0918191168	-0.1464625642	0.0488144834	-0.038415487	-0.1040039465	0.10520853	-0.125705931	-0.0730776545	0.004488881	-0.0873074818	0.0246439734	0.0683437868	0.0655966193	-0.0938767514	-0.0337178875	-0.0810451585	-0.2316270643	0.0505019658	0.0046118727	-0.0070860434	0.0879404878	-0.0688282205	-0.0292995481	-0.0496279317	-0.0916528567	0.1541310505	-0.0496725759	-0.0188101504	0.22230900096622	0.5390709825301342	0.2905975242060042	0.0494212919105988	0.3255561247167833	-0.1690354812496792	0.1059867903406097	0.0285729939213106	-0.88845616603313	-0.1616979956917603	0.0261462418107325	0.7893543589622888	0.0085389147225304	-0.003983659530098	7.291306463864642e-05	1.5869543251740623e-05	0.0063199060897707	0.002355795368031	5.549771816036783e-06	3.9941212983520776e-05	0.000878043747124	0.0164981416682504	7.709608218635549e-07	0.0002721886785056	0.0	0.0	0.0	0.0	0.0	0.0	0.0	0.0	0.0	0.0	0.0	0.0	0.0	0.0	0.0	0.0	0.0	0.0	0.0	1.0	0.0	0.0	0.0	0.0	0.0	0.0	0.0	0.0	0.0	0.0	0.0	0.0	0.0	0.0	0.0	0.0	0.0	0.0	0.0	0.0	0.0	0.0	0.0	0.0	0.0
5301.695267727544	1.4762546390902571	2.1793277594355054	28107972.711844634	3336.912061344036	41.16923969842492	11134982.105143305	1694.9062973463665	3444.199758761305	-2.507150914053909	6.285805705841352	11862511.978251431	3406.492310498473	7421.044286214456	0.775891	61.220737	0.362081828329527	0.1646975287503797	0.0682353035	-0.177462111	0.0919823539	-0.1555170542	-0.0592642872	-0.0740738274	-0.0423745341	-0.1319813459	0.1353335583	-0.1335761281	0.0551045938	0.0163845198	0.0771470197	0.096003534	-0.1875837259	-0.0556608181	0.0208029013	-0.0905880793	-0.112450406	-0.1682769504	-0.0026443696	0.1269827913	-0.0829821109	0.1422086516	-0.1975229922	-0.0074524441	0.0286894084	-0.1202512019	-0.1088727505	0.023731338	0.1987308994	-0.0601111502	-0.0822053846	-0.1240683438	-0.172808621	0.1109904162	-0.0160771488	-0.0443910726	0.1582541505	0.0218568855	0.0439463731	0.1073143911	-0.0285400408	0.128166314	0.0130816023	-0.1156696356	0.2528347872354572	0.0305257862692372	0.0009318236273551	0.0639254296363989	0.3632341940882639	0.0376780693714806	0.1319390797549505	0.0014196369115621	-0.8123811206133809	0.0760750454197491	0.0057874125356169	0.6599630851290524	0.0063963125129393	-0.0021426022095911	4.091281376318386e-05	4.590744228544664e-06	0.0072530524062219	0.0009331463164512	8.70762047906444e-07	5.26067692074013e-05	0.0021583537664629	0.0012803100193389	4.658490981204587e-06	1.6391937456195747e-06	0.0	0.0	0.0	0.0	0.0	0.0	0.0	0.0	0.0	0.0	0.0	0.0	0.0	0.0	0.0	0.0	0.0	0.0	0.0	0.0	0.0	0.0	0.0	0.0	0.0	0.0	0.0	0.0	0.0	0.0	0.0	0.0	0.0	0.0	0.0	0.0	0.0	0.0	0.0	0.0	0.0	0.0	0.0	0.0	0.0
5282.916968304157	-18.77829942338667	352.62452923436416	27909211.69399599	3326.1229202149725	-10.78914112906341	11063093.680379376	116.40556630284766	3426.938454888148	-17.261303873156976	297.952611401464	11743907.173591169	3382.015779263736	7597.156623392167	1.473217	116.242386	1.420262047002664	0.8794618467129491	0.0858555714	0.2678374983	0.0165563284	0.1166710914	-0.1120892106	-0.0424459549	-0.2200592916	0.1237136059	-0.1707100419	0.4005288737	-0.0603188913	0.1190865593	-0.0648677756	0.0247493108	0.09987755	-0.0357575023	0.1189703265	-0.0629741401	0.0865885169	0.0791661573	0.1427342256	-0.3569867156	-0.115180131	-0.1152947982	0.0934418447	0.0101075281	-0.0995117839	-0.1738833629	0.2211098386	0.0891723397	-0.0900556208	-0.0816515473	0.0972206847	0.0971412482	-0.2525023072	-0.1373922256	-0.1003652423	0.0605068069	-0.257689029	-0.1856534902	-0.0466308831	-0.1650895081	-0.3114589586	0.0528663193	-0.204237567	0.0931089417	-0.2494394513197164	-0.5022742385551736	0.2522794107161794	0.0622200398746811	0.2967181972870492	-0.0665159968012147	0.0880416886012762	0.0044243778304592	-0.5612555333119502	0.2511255873014306	0.0630640605974884	0.3150077736732816	0.0059591524334313	-0.0004371600795079	3.551149772487019e-05	1.9110893511544074e-07	0.0075481349748642	0.0002950825686423	8.707372231653785e-08	5.6974341598768187e-05	-0.0091163280722837	-0.0112746818387466	8.310743752150784e-05	0.0001271184505649	0.0	0.0	0.0	0.0	0.0	0.0	0.0	0.0	0.0	0.0	0.0	0.0	0.0	0.0	0.0	0.0	0.0	0.0	0.0	0.0	1.0	0.0	0.0	0.0	0.0	0.0	0.0	0.0	0.0	0.0	0.0	0.0	0.0	0.0	0.0	0.0	0.0	0.0	0.0	0.0	0.0	0.0	0.0	0.0	0.0
5279.472813869651	-3.444154434506345	11.86219976872972	27872833.19238873	3301.566624462762	-24.556295752210644	10900342.175766436	603.0116610700385	3429.245246287332	2.306791399184021	5.321286559349376	11759722.959184265	3384.8231911042885	7752.616683180083	1.170549	92.360756	1.53481408325944	0.9609480988058692	0.113188901	0.1553312999	-0.1267275211	-0.0276946939	-0.1533182004	0.0451900395	-0.0389975206	0.0115591974	-0.2466157872	0.1920850757	0.0509580149	0.1928504683	-0.0474998081	-0.0668015741	0.1375997019	0.0909901583	0.1911498872	0.0630845102	0.0888718346	0.146771067	-0.0381327916	-0.1268156251	-0.1160739761	-0.2074015786	0.1780375618	0.1216916461	0.0910288052	0.0620489092	-0.1057681019	-0.051995058	-0.1019059597	-0.1783434549	-0.1153573387	-0.0893302885	-0.0394525323	0.1326200892	-0.1023113015	0.1412945012	-0.0562768831	0.0317988281	0.0889225995	-0.0248698154	0.1916372305	0.1088308914	0.0596651085	-0.0858088854	-0.4801931438979068	-0.2307536925781904	0.05324726663847	0.2305854554465558	0.342095364397025	0.0453771671099758	0.1170292383419333	0.0020590872949266	-0.3271595225633916	0.2340960107485586	0.0548009422483892	0.1070333532039063	0.0093395184114668	0.0033803659780354	8.722660415812733e-05	1.14268741454599e-05	0.0085352943310574	0.0009871593561932	9.74483594519774e-07	7.28512493177806e-05	-0.0252405469945093	-0.0161242189222256	0.000637085212582	0.0002599904358518	0.0	0.0	0.0	0.0	0.0	0.0	0.0	0.0	0.0	0.0	0.0	0.0	0.0	0.0	0.0	0.0	0.0	0.0	0.0	0.0	0.0	1.0	0.0	0.0	0.0	0.0	0.0	0.0	0.0	0.0	0.0	0.0	0.0	0.0	0.0	0.0	0.0	0.0	0.0	0.0	0.0	0.0	0.0	0.0	0.0
5265.941483580261	-13.531330289390098	183.09689940056592	27730139.70849148	3266.220912721981	-35.345711740780644	10668199.050702412	1249.3193384623587	3437.5582795394835	8.3130332521514	69.10652185137486	11816806.925230453	3396.027473022152	7322.450294286426	0.9838110000000002	77.626427	0.6124163393807667	0.3208191419615774	0.0460850177	0.028211687	-0.0451908293	-0.1562562909	-0.2051479092	0.1097193871	-0.0859792408	-0.1164147379	-0.0458494794	-0.0082209559	-0.137289981	0.1565670562	-0.0412910451	-0.059889466	0.0525046943	0.0530891908	0.1568840521	0.0641987789	0.0555135169	0.0286635168	-0.0252543409	-0.0488542567	-0.1226337506	-0.1873709661	0.1634606074	0.1124878027	0.0009210949	-0.1697609614	-0.1951281175	-0.0548345153	-0.0168306434	-0.0178861656	0.0409510087	0.0037494835	-0.059165322	-0.0430876489	-0.0839150211	0.0432287266	-0.19744181	0.0172639777	0.0431903404	0.0572850853	0.017082537	0.0214641743	-0.0043041193	-0.1564144374	-0.4311270113322081	0.0490661325656986	0.0024074853649547	0.1858704999002419	0.1944689884712431	-0.1476263759257818	0.0378181874770284	0.0217935468689802	-0.3799456686280678	-0.0527861460646761	0.0027863772163613	0.1443587111092295	0.0058986378802152	-0.0034408805312515	3.479392884190967e-05	1.183965883034629e-05	0.0086940529702834	0.0001587586392259	2.5204305528890813e-08	7.55865570500936e-05	-0.0215814324684947	0.0036591145260146	0.0004657582273921	1.338911911449106e-05	0.0	0.0	0.0	0.0	0.0	0.0	0.0	0.0	0.0	0.0	0.0	0.0	0.0	0.0	0.0	0.0	0.0	0.0	0.0	0.0	0.0	0.0	1.0	0.0	0.0	0.0	0.0	0.0	0.0	0.0	0.0	0.0	0.0	0.0	0.0	0.0	0.0	0.0	0.0	0.0	0.0	0.0	0.0	0.0	0.0
5261.58723720911	-4.354246371151021	18.959461460681837	27684300.254761796	3333.303481290712	67.08256856873095	11110912.09838478	4500.071005778489	3430.2178714001648	-7.340408139318697	53.881591651776176	11766394.645273078	3391.411008318657	7464.392977107575	1.273794	100.507172	0.5495920596112807	0.315880137068212	0.0702676031	0.1422268175	-0.2193774375	0.0064620166	-0.1629679583	-0.011292146	0.034940538	-0.0807290815	-0.2785953613	0.1348516904	-0.0048255227	0.2025423759	-0.0235924983	-0.0732592934	0.2384307635	0.1678949129	0.2005649393	0.1001433062	0.0443631265	0.251570136	-0.0342420791	-0.1257067889	-0.077159668	-0.2452862305	0.1430924024	0.1276743838	0.1323097406	0.2227762987	0.0268588031	-0.0376489728	-0.0926427511	-0.1043425699	-0.1114025709	-0.0439324578	0.035153304	0.2368602409	-0.1099351251	0.1582462334	0.0215087769	0.0933057123	0.0607731348	-0.0226998798	0.1611085513	-0.0238683167	0.0841325468	-0.0382926642	-0.448124438857775	-0.0169974275255668	0.0002889125424868	0.2008155127015957	0.1564038537301542	-0.0380651347410889	0.0244621654616434	0.0014489544828572	-0.185724451450028	0.1942212171780397	0.0377218812021192	0.0344935718664138	0.0029223972266397	-0.0029762406535755	8.54040555027141e-06	8.858008427995522e-06	0.0072491991491552	-0.0014448538211281	2.0876025644287597e-06	5.255088830411248e-05	-0.0231665035971227	-0.001585071128628	0.0005366868889154	2.512450482810045e-06	0.0	0.0	0.0	0.0	0.0	0.0	0.0	0.0	0.0	0.0	0.0	0.0	0.0	0.0	0.0	0.0	0.0	0.0	0.0	0.0	0.0	0.0	0.0	1.0	0.0	0.0	0.0	0.0	0.0	0.0	0.0	0.0	0.0	0.0	0.0	0.0	0.0	0.0	0.0	0.0	0.0	0.0	0.0	0.0	0.0
5257.212662213966	-4.37457499514403	19.13690638813939	27638284.97574285	3354.510067902014	21.206586611301645	11252737.795655971	449.7193157026382	3428.595059067792	-1.6228123323726322	2.6335198661007024	11755264.079064077	3394.39888990956	7010.928718028523	1.379114	108.817276	1.471146270813196	0.884439091708669	-0.010845107	-0.0684606529	-0.0553180228	-0.1685736271	-0.1348211335	-0.0301315207	0.1022371172	-0.2185519399	-0.1750034943	-0.0191835683	-0.1003709451	0.2193603317	-0.0119341696	-0.1414099761	0.1947945582	0.2024018446	0.2152480004	0.152821169	0.0294824573	0.2033626824	-0.1234637448	0.0603664424	-0.0507033482	-0.2178594288	0.0978998655	0.0815910977	0.0738419111	0.2096650351	-0.072580338	-0.0922976828	0.2108929556	0.2467574077	-0.1280293624	0.0481067897	-0.2444452238	0.3105508591	0.1150119633	-0.2723789154	0.1550903815	0.2176902422	-0.2417520016	-0.2408416301	-0.2798517461	-0.2604722561	-0.1849531382	0.2033372254	-0.3901625528813781	0.0579618859763969	0.0033595802259408	0.1522268176709141	0.0403747691370597	-0.1160290845930945	0.0016301219828708	0.0134627484715114	-0.2021165186375526	-0.0163920671875245	0.0002686998666803	0.0408510871061641	0.0002303258087359	-0.0026920714179038	5.304997816984639e-08	7.247248519094576e-06	-0.0059059290771861	-0.0131551282263413	0.0001730573986514	3.487999826475226e-05	-0.0329345686140012	-0.0097680650168785	0.0010846858097903	9.54150941739656e-05	0.0	0.0	0.0	0.0	0.0	0.0	0.0	0.0	0.0	0.0	0.0	0.0	0.0	0.0	0.0	0.0	0.0	0.0	0.0	0.0	0.0	0.0	0.0	0.0	1.0	0.0	0.0	0.0	0.0	0.0	0.0	0.0	0.0	0.0	0.0	0.0	0.0	0.0	0.0	0.0	0.0	0.0	0.0	0.0	0.0
5305.63864468932	48.42598247535443	2345.0757787033344	28149801.428020727	3307.250230119851	-47.259837782162776	10937904.084627807	2233.4922671963404	3442.26777184234	13.672712774548016	186.9430746152885	11849207.41306443	3404.0231103749384	7441.738983466601	1.330255	104.962173	1.8835673157450483	1.1041394674731293	0.072513033	0.0098904039	-0.0699601612	-0.0520858547	-0.1177706994	-0.0468906469	-0.04222924	-0.1009927955	-0.0233390048	0.039856436	-0.0761162779	0.0938675582	0.0278363502	-0.0102915731	0.032165051	-0.0031875555	0.0971860824	0.0146483397	-0.0348460736	0.0277431013	0.0428927448	-0.0404422814	-0.1125609397	-0.0818577656	0.1033854504	-0.0234358158	0.1288263036	0.0914938812	-0.0092402568	-0.0467372463	0.0103440774	0.2079987522	0.1435173047	0.0869364225	-0.0146638511	0.0271020772	0.0782909275	-0.025834631	-0.2342108045	-0.2437010511	0.1516369204	0.2679882514	-0.0159846371	-0.1882155243	-0.0314940069	0.0858729026	-0.0585415409800447	0.3316210119013333	0.1099724955344642	0.0034271120203182	0.0571802212802197	0.0168054521431599	0.0032695777056548	0.000282423221736	-0.5052786483022729	-0.3031621296647203	0.0919072768628486	0.2553065124301719	0.0023379243301036	0.0021075985213677	5.465890173290367e-06	4.441971527271317e-06	-0.0003416860017038	0.0055642430754823	3.0960801003052727e-05	1.167493237603292e-07	-0.0159668357701345	0.0169677328438667	0.0002549398445104	0.0002879039578608	0.0	0.0	0.0	0.0	0.0	0.0	0.0	0.0	0.0	0.0	0.0	0.0	0.0	0.0	0.0	0.0	0.0	0.0	0.0	0.0	0.0	0.0	0.0	0.0	0.0	1.0	0.0	0.0	0.0	0.0	0.0	0.0	0.0	0.0	0.0	0.0	0.0	0.0	0.0	0.0	0.0	0.0	0.0	0.0	0.0
5263.018832086519	-42.619812602801176	1816.44842629789	27699367.226897348	3263.7135103572955	-43.53671976255555	10651825.87768874	1895.4459676832948	3437.5783156081293	-4.689456234210866	21.990999772579155	11816944.675939225	3393.5147565166503	7329.751071248862	0.818706	64.599007	0.6310100198743835	0.3987670756555304	0.0642553961	0.0054011342	-0.1031462823	-0.1463794117	-0.1447986938	0.0341170236	0.0053072254	-0.1880725075	0.0312832277	-0.0678798514	-0.0896890711	0.0880461426	0.0383855682	0.014900494	0.0113149351	0.0416385127	0.0936857067	0.0021826591	-0.0378259471	0.0347278481	-0.0730428263	0.0943332288	-0.1238806464	0.0054996588	0.026011823	-0.1034896869	0.1280565724	0.1125460971	-0.0141737303	0.0094675745	0.0856841861	0.2371996731	0.1981552156	0.0656402149	0.0929495668	0.0851465274	0.0282865702	-0.0261559911	-0.0884486058	-0.1304510026	0.0081604936	0.1192517754	0.0273800293	-0.0245906347	0.0046858022	0.0430466072	-0.0021161185961489	0.0564254223838958	0.003183828291201	4.477957912967191e-06	0.1769632632721141	0.1197830419918943	0.0313159965479155	0.0143479771488319	-0.4872480926261744	0.0180305556760984	0.0003251009379888	0.237410703767845	0.0041302221207568	0.0017922977906531	1.7058734766788796e-05	3.2123313703803405e-06	0.0003319818211009	0.0006736678228047	4.538283354824247e-07	1.1021192954147e-07	-0.0096973813871425	0.006269454382992	9.40392057676978e-05	3.93060582604176e-05	0.0	0.0	0.0	0.0	0.0	0.0	0.0	0.0	0.0	0.0	0.0	0.0	0.0	0.0	0.0	0.0	0.0	0.0	0.0	0.0	0.0	0.0	0.0	0.0	0.0	0.0	1.0	0.0	0.0	0.0	0.0	0.0	0.0	0.0	0.0	0.0	0.0	0.0	0.0	0.0	0.0	0.0	0.0	0.0	0.0
5244.018068012038	-19.000764074480685	361.0290354140759	27499725.497636717	3309.897287856935	46.18377749963929	10955420.056162693	2132.9413041361886	3416.8758601248155	-20.70245548331377	428.5916630385884	11675040.643503698	3377.4364505597014	7263.31510922933	1.399996	110.464989	2.5068313657502403	1.6445362584681174	0.0304996186	0.110330701	0.0508658463	-0.1051859941	-0.1448717799	0.0403234215	-0.0081963198	0.1511435599	0.0053109708	0.0861258164	-0.2798823789	0.1671254789	-0.1281705741	-0.0882370125	0.1160598685	0.0651125565	0.1637388005	0.0659622441	0.1549671924	0.1194987711	-0.0834482668	-0.044883442	-0.0962885743	-0.1752277541	0.1414674056	0.1364119631	-0.1465404453	-0.3513968334	-0.1522593832	-0.0846958369	-0.009505308	-0.0233498718	0.023346814	0.0071634578	-0.0263278659	-0.03939989	-0.2177713898	0.1917190624	0.0353429382	0.0272737186	-0.1475014514	0.029307889	-0.2261888302	-0.1329905829	-0.0858173373	-0.0409308341	-0.7494691525306081	-0.7473530339344592	0.5585365573310409	0.5617040105949479	0.3127758056934198	0.1358125424213057	0.0978287046271678	0.0184450466789389	-0.49509095422124	-0.0078428615950655	6.151047799935472e-05	0.2451150529516979	0.0055992175675445	0.0014689954467877	3.135123736869895e-05	2.157947622682996e-06	0.0134452871196366	0.0131133052985357	0.0001719587758526	0.0001807757457294	-0.0274315391978073	-0.0177341578106648	0.0007524893427608	0.0003145003532535	0.0	0.0	0.0	0.0	0.0	0.0	0.0	0.0	0.0	0.0	0.0	0.0	0.0	0.0	0.0	0.0	0.0	0.0	0.0	0.0	0.0	0.0	0.0	0.0	0.0	0.0	0.0	1.0	0.0	0.0	0.0	0.0	0.0	0.0	0.0	0.0	0.0	0.0	0.0	0.0	0.0	0.0	0.0	0.0	0.0
5302.970830399798	58.95276238775932	3475.4281931476103	28121499.62807112	3310.5099100802377	0.6126222233028784	10959475.864739465	0.3753059884845618	3438.525821318262	21.649961193446416	468.7208196777357	11823459.823872428	3399.29987381828	7644.105732187311	1.307741	103.185707	1.7105897583413772	1.0820191880875116	0.1016546186	0.1231549321	-0.0180265755	0.0310432971	-0.1091893949	-0.0589633444	-0.025315447	0.1264475089	0.0954046867	-0.0824442997	0.0435374092	0.1173900218	0.0375136299	0.0526678861	-0.0286357903	0.1062667613	0.1178311571	-0.0546818969	-0.0525970584	-0.0344746768	-0.0597421337	-0.157260594	-0.1292942015	0.0152581241	0.0924939816	-0.0898376473	-0.0490947944	0.004436426	0.0548373297	-0.0717791775	-0.1560841685	-0.039473528	-0.0904464438	0.0423653538	0.0706776195	-0.0555981069	-0.0616397483	0.0898493731	-0.0785727063	0.1065584838	0.0615024858	-0.0044244588	-0.091042568	-0.0660785596	-0.0741803989	0.027567715	-0.2258823156815452	0.5235868368490628	0.2741431757216071	0.0510228205376572	0.2569013976928005	-0.0558744080006192	0.0659983281365144	0.0031219494694196	-0.7635299383430052	-0.2684389841217652	0.0720594881963253	0.5829779667460733	0.0051503906906965	-0.0004488268768479	2.6526524266813173e-05	2.0144556538112962e-07	0.0111083867923897	-0.0023369003272468	5.461103139486664e-06	0.0001233962571293	-0.0129634758145036	0.0144680633833037	0.0001680517051932	0.0002093248580632	0.0	0.0	0.0	0.0	0.0	0.0	0.0	0.0	0.0	0.0	0.0	0.0	0.0	0.0	0.0	0.0	0.0	0.0	0.0	0.0	0.0	0.0	0.0	0.0	0.0	0.0	0.0	0.0	1.0	0.0	0.0	0.0	0.0	0.0	0.0	0.0	0.0	0.0	0.0	0.0	0.0	0.0	0.0	0.0	0.0
5303.830145928248	0.8593155284506793	0.7384231774364701	28130614.216857266	3322.72770018565	12.217790105412403	11040519.36958102	149.27439505991327	3439.363243578985	0.8374222607230877	0.701276042754567	11829219.521282157	3399.265279655489	7657.436201264966	0.812081	64.076241	0.6917856263479625	0.4165640799311533	0.1092648852	-0.036767917	0.0011857984	-0.0946485538	-0.0757699935	-0.1021291437	-0.0550721127	-0.0405338337	0.0505650733	-0.1535142784	0.0914990373	0.0870789451	0.0600936162	0.0717772076	-0.0945952094	-0.0275184151	0.0862730189	-0.0685498311	-0.0830951843	-0.0902143229	-0.0042635803	0.0031873289	-0.1416709743	0.1384823908	-0.0183608798	-0.177356633	-0.0043353281	-0.020086818	-0.0517375935	-0.0375022507	0.0006896696	0.0553104386	0.0044313658	0.0386269782	0.1320300799	-0.0607377639	-0.1069840513	0.085633556	0.0246426328	0.2284522159	0.027462303	-0.0774615196	0.0322759406	-0.0077748313	-0.0149178946	-0.0380812232	-0.0355654670269132	0.190316848654632	0.0362205028818301	0.0012649024448424	0.2908307251377948	0.0339293274449942	0.0845825106841755	0.0011511992608696	-0.8247955221209864	-0.0612655837779811	0.0037534717556568	0.6802876533108305	0.0065180516195304	0.0013676609288338	4.2484996914862864e-05	1.870496416258804e-06	0.0098560930025319	-0.0012522937898578	1.568239736116413e-06	9.714256927455828e-05	-0.0074579532037882	0.0055055226107154	5.562106598989467e-05	3.031077921709852e-05	0.0	0.0	0.0	0.0	0.0	0.0	0.0	0.0	0.0	0.0	0.0	0.0	0.0	0.0	0.0	0.0	0.0	0.0	0.0	0.0	0.0	0.0	0.0	0.0	0.0	0.0	0.0	0.0	0.0	1.0	0.0	0.0	0.0	0.0	0.0	0.0	0.0	0.0	0.0	0.0	0.0	0.0	0.0	0.0	0.0
5287.571828137257	-16.258317790990986	264.332897392854	27958415.83771078	3301.5562052462533	-21.17149493939678	10900273.37640004	448.23219796890345	3436.9804621710905	-2.382781407894526	5.677647237807823	11812834.697345804	3397.988219510129	7564.852599735948	0.543519	42.885674	0.3098725912124564	0.1478559229795555	0.0966780687	0.0172212046	0.0169677774	-0.0062383147	-0.07231371	-0.0372932555	-0.073773759	0.0106263378	0.1246640762	-0.0524991768	0.009027748	0.0783579303	0.0332336964	0.0706569234	-0.0954611583	-0.0634255823	0.0759139537	-0.0833709946	-0.0609926922	-0.1023059174	0.0568867727	-0.0308036264	-0.1199727437	0.1331667433	-0.0173612912	-0.1827968859	-0.0748437337	-0.0335944268	0.022128671	-0.0415373023	-0.048774827	0.0376101864	-0.055687194	0.0397917557	0.0318160305	-0.0051224415	-0.0694693177	0.0495460696	0.0220962205	0.2028906622	-0.0689987219	-0.1564492888	-0.0294505433	-0.0317242931	0.0341696773	-0.02587247	0.0471019392859375	0.0826674063128506	0.0068339000664939	0.0022185926844961	0.2847623267914372	-0.0060683983463575	0.0810895827596732	3.682545849007546e-05	-0.9358795658041146	-0.1110840436831281	0.0123396647609951	0.875870561689698	0.0052892471052319	-0.0012288045142984	2.7976134940204035e-05	1.5099605343603716e-06	0.0107590028064219	0.00090290980389	8.152461139606783e-07	0.0001157561413885	-0.0075272937430021	-6.934053921390029e-05	5.6660151093438565e-05	4.808110378474444e-09	0.0	0.0	0.0	0.0	0.0	0.0	0.0	0.0	0.0	0.0	0.0	0.0	0.0	0.0	0.0	0.0	0.0	0.0	0.0	0.0	0.0	0.0	0.0	0.0	0.0	0.0	0.0	0.0	0.0	0.0	0.0	0.0	0.0	0.0	0.0	0.0	0.0	0.0	0.0	0.0	0.0	0.0	0.0	0.0	0.0
5321.98222551072	34.41039737346273	1184.0754473996108	28323494.80865204	3323.349030919944	21.792825673690917	11044648.781316532	474.9272508438818	3440.806836730574	3.826374559483611	14.641142269463398	11839151.68769186	3400.232464707895	7740.547817621045	0.551532	43.517982	0.418596548758775	0.1951327585919554	0.1270571034	-0.0320254908	0.0249095189	-0.0530970857	-0.0757656143	-0.083848297	-0.0793379943	0.0207228172	0.0844540744	-0.0969367195	0.0219406175	0.0952293903	0.0441571454	0.0602025737	-0.0927538245	-0.047084714	0.0918542768	-0.0724271159	-0.071224514	-0.0859271766	0.0351200728	-0.0291224334	-0.1367897173	0.1403769273	0.0086518136	-0.187261021	-0.0268688198	0.0183052067	-0.0520133714	-0.0687831745	-0.034638345	0.035987688	-0.0756949841	0.0272349025	0.1056404262	-0.0854155708	-0.0744034555	0.0377596352	0.0256197991	0.1793330042	-0.0250130393	-0.0606042999	-0.0193808664	-0.0163437047	-0.0318098538	-0.0236662471	-0.0263823019178914	-0.0734842412038289	0.0053999337053025	0.0006960258544867	0.3655997995708304	0.0808374727793931	0.1336632134462313	0.0065346970053591	-0.9411071150701176	-0.0052275492660029	2.7327271328488456e-05	0.8856826020355996	0.0069403936201559	0.001651146514924	4.816906360270072e-05	2.7262848137456714e-06	0.0094451736332585	-0.0013138291731633	1.7261470962552214e-06	8.921130496240159e-05	-0.0097432637651057	-0.0022159700221035	9.49311887964217e-05	4.910523138861828e-06	0.0	0.0	0.0	0.0	0.0	0.0	0.0	0.0	0.0	0.0	0.0	0.0	0.0	0.0	0.0	0.0	0.0	0.0	0.0	0.0	0.0	0.0	0.0	0.0	0.0	0.0	0.0	0.0	0.0	0.0	0.0	0.0	0.0	0.0	0.0	0.0	0.0	0.0	0.0	0.0	0.0	0.0	0.0	0.0	0.0
5295.826495520165	-26.1557299905553	684.122211338834	28045778.27065339	3334.041879095314	10.692848175369818	11115835.251561413	114.33700210150964	3435.9811872029577	-4.825649527616406	23.286893363384443	11805966.718812646	3398.6125313477664	7434.86956701711	0.7432039999999999	58.641579	0.9972300727764936	0.5513491317712563	0.0695476101	0.0446836498	-0.0347658684	-0.0025949466	-0.0667722223	-0.0369996043	0.0430026609	-0.020793989	0.0638964054	-0.0074032893	0.0546579491	0.0806014092	0.0192416954	0.0578880469	-0.0506644894	0.0525455444	0.0831630375	-0.0569528326	-0.0497005044	-0.0334594321	-0.0068693523	-0.0033849633	-0.1139373423	0.0798051222	-0.0102990622	-0.1303446657	0.031578658	0.1210076	0.1220410616	-0.0467871677	-0.0326539526	0.1234214239	0.0525518419	0.0155486064	0.1197056442	0.0931962455	-0.057056736	0.0994262801	-0.0423061211	0.0038196588	0.0278851229	0.1790967172	0.0324917301	-0.1106298171	0.0724555412	-0.0380208108	-0.0030155230028725	0.0233667789150189	0.0005460063568633	9.09337898085318e-06	0.2721438929304298	-0.0934559066404006	0.0740622984593292	0.0087340064859792	-0.6656180120123736	0.275489103057744	0.0758942459035603	0.4430473379153043	0.0015733917456509	-0.005367001874505	2.475561585282386e-06	2.8804709120940188e-05	0.0051898735882423	-0.0042553000450162	1.810757847311488e-05	2.6934787861935004e-05	-0.0072672000013603	0.0024760637637454	5.281219585977114e-05	6.1308917621330354e-06	0.0	0.0	0.0	0.0	0.0	0.0	0.0	0.0	0.0	0.0	0.0	0.0	0.0	0.0	0.0	0.0	0.0	0.0	0.0	0.0	0.0	0.0	0.0	0.0	0.0	0.0	0.0	0.0	0.0	0.0	1.0	0.0	0.0	0.0	0.0	0.0	0.0	0.0	0.0	0.0	0.0	0.0	0.0	0.0	0.0
5361.145860605553	65.3193650853882	4266.619455158231	28741884.93868805	3348.737422007055	14.695542911741086	11214042.321550457	215.9589814708237	3465.4235767295504	29.442389526592702	866.8543010356159	12009160.56615303	3424.322796636016	7582.276057583	0.862804	68.078453	0.4915338481628866	0.2328930545355524	0.0929432945	-0.1649778135	0.014552843	-0.117121527	-0.0689102867	-0.0913067103	-0.0255960731	-0.0942626014	0.1346512879	-0.0168854972	-0.0066218881	0.0522112662	0.1830241061	0.0707458771	-0.1421600916	-0.1050331483	0.0534923325	-0.0383132286	-0.1989843971	-0.1335261623	0.0453165163	0.0570594896	-0.1121990626	0.1435421842	-0.1255684924	-0.102438317	0.0792506282	-0.103775657	-0.0229584676	-0.0471210554	0.0929165951	0.1307362526	0.1185724386	0.0272457292	-0.0154807255	0.12573016	-0.1878535891	0.1373982086	-0.0230056954	0.0883071553	-0.0408382531	-0.0242060791	0.0730067503	-0.0645386525	0.0703741441	-0.0553325786	0.1433480486981011	0.1463635717009736	0.021422295121066	0.0205486630655531	0.241130095848888	-0.0310137970815417	0.0581437231240939	0.000961855609415	-0.7609062116837748	-0.0952881996714012	0.0090798409966168	0.5789782629789535	0.0015218774094908	-5.1514336160099873e-05	2.316110849518428e-06	2.653726830015773e-09	0.007036957720423	0.0018470841321807	3.41171979135373e-06	4.9518773959020864e-05	-0.0047884328755217	0.0024787671258385	2.2929089403377012e-05	6.1442864641381526e-06	0.0	0.0	0.0	0.0	0.0	0.0	0.0	0.0	0.0	0.0	0.0	0.0	0.0	0.0	0.0	0.0	0.0	0.0	0.0	0.0	0.0	0.0	0.0	0.0	0.0	0.0	0.0	0.0	0.0	0.0	0.0	0.0	0.0	0.0	0.0	0.0	0.0	0.0	0.0	0.0	0.0	0.0	0.0	0.0	0.0
5207.22268262366	-153.92317798189288	23692.344720045472	27115168.06643035	3360.960872921906	12.223450914850671	11296057.989311978	149.41275226776375	3427.864871363395	-37.55870536615521	1410.656348781656	11750257.576327186	3394.576385712899	7132.785189726527	1.516436	119.65255	0.9230404742335694	0.5151617437906606	0.0106878946	0.1838723674	0.0698709532	0.0519815527	-0.0428578934	-0.0843956477	-0.0107323961	0.1802191006	0.1849200783	0.103120817	0.0472154806	0.0854715313	-0.1122291087	0.0683877444	-0.0050312609	-0.0920515937	0.0861337034	-0.0857134418	0.0689538416	-0.0158778157	0.1409201312	-0.0107145583	-0.1016507598	0.0237589283	0.0407823696	-0.110041634	-0.1600413927	0.0399237215	0.1404400441	-0.0260761402	-0.1694552082	0.0177241476	-0.0546803177	-0.1087778862	-0.1560352475	0.0185941611	0.1799890491	-0.133610077	-0.0141435002	-0.0928823947	-0.1606988087	0.2010540509	0.0076848174	-0.3067873041	0.2501504842	-0.1636550742	-0.0601235698902229	-0.203471618588324	0.0414006995709524	0.0036148436563445	0.2767151536285723	0.0355850577796842	0.0765712762476843	0.0012662963371834	-0.8358654329677009	-0.074959221283926	0.0056188848554925	0.6986710220302821	0.0067812436752222	0.0052593662657314	4.598526578274109e-05	2.7660933517113453e-05	0.0065109078189795	-0.0005260499014434	2.767284988087156e-07	4.2391920627248393e-05	-0.0111835082399795	-0.0063950753644578	0.0001250708565536	4.089698891709506e-05	0.0	0.0	0.0	0.0	0.0	0.0	0.0	0.0	0.0	0.0	0.0	0.0	0.0	0.0	0.0	0.0	0.0	0.0	0.0	0.0	0.0	0.0	0.0	0.0	0.0	0.0	0.0	0.0	0.0	0.0	0.0	1.0	0.0	0.0	0.0	0.0	0.0	0.0	0.0	0.0	0.0	0.0	0.0	0.0	0.0
5309.0813253019805	101.8586426783204	10375.183088269752	28186344.518670235	3407.408310862518	46.44743794061242	11610431.39693496	2157.3644912470418	3442.947315417431	15.082444054035932	227.48011864312383	11853886.216740096	3409.859138576858	7807.775547666311	1.43924	113.561447	1.866392322321421	1.0094969292714044	0.1324040565	0.0440987896	-0.0763446164	-0.1189388954	-0.1262915235	-0.1855020396	0.0784512343	0.0922154302	0.0137209583	0.0356023959	0.0651764369	0.1798962444	-0.0186277953	0.0507973683	0.0575084861	-0.0362496393	0.1766888987	-0.042647376	-0.008423061	0.059914147	0.0665421923	0.0133649307	-0.135328737	-0.1039787124	0.1614549776	0.0242269793	0.00709871	0.0237951098	-0.2279382997	-0.0941764739	-0.0301194953	-0.125793583	-0.2093897101	-0.1222970971	-0.161480811	0.0627410651	0.1385902763	-0.1002537892	-0.0124602378	-0.0841492223	-0.0421395306	-0.0960946865	0.2807697948	0.17750274	0.0796108421	-0.0861140547	-0.4359808823517284	-0.3758573124615055	0.1412687193307857	0.1900793297761916	0.4210072190156069	0.1442920653870346	0.1772470784632552	0.0208202001336562	-0.6727081451605699	0.163157287807131	0.0266203005645789	0.4525362485653743	0.0125630960610708	0.0057818523858486	0.0001578313826396	3.342981701174315e-05	0.0040910587105984	-0.0024198491083811	5.855669707332805e-06	1.6736761373563046e-05	-0.0266435198790648	-0.0154600116390853	0.0007098771515461	0.0002390119598806	0.0	0.0	0.0	0.0	0.0	0.0	0.0	0.0	0.0	0.0	0.0	0.0	0.0	0.0	0.0	0.0	0.0	0.0	0.0	0.0	0.0	0.0	0.0	0.0	0.0	0.0	0.0	0.0	0.0	0.0	0.0	0.0	1.0	0.0	0.0	0.0	0.0	0.0	0.0	0.0	0.0	0.0	0.0	0.0	0.0
5299.177411238409	-9.903914063571392	98.0875137786072	28081281.23577941	3301.823908984504	-105.58440187801398	10902041.125941712	11148.065919937962	3449.951842608334	7.004527190902991	49.06340116809934	11902167.71631664	3410.061655064429	7518.622374240829	1.132515	89.359741	1.549536360680772	0.8796249190650853	0.0850631799	0.0090213463	-0.015879111	-0.0955510568	-0.1125664052	-0.0227759255	-0.0616950511	-0.0575634934	0.1121982218	0.0032955303	-0.0315874164	0.1100756551	0.1227901571	0.0557021467	-0.0715600685	0.0712374889	0.110953596	-0.0393883848	-0.1279759986	-0.077400246	-0.0495057164	-0.0976904186	-0.1434074872	0.0355735597	0.0742464688	-0.1404638752	0.0070003276	0.0541961439	-0.1040064329	-0.078160066	-0.0229487846	0.1208531812	0.0186837334	0.0236867761	0.1081272252	-0.0002326898	0.0960151518	-0.029338771	-0.1213979555	-0.0971009434	0.0680783089	0.1243843426	0.0159132915	-0.0821275505	-0.0845288584	0.0412612782	-0.072947473096363	0.3630334092553653	0.1317932562355736	0.0053213338311446	0.1966328077144368	-0.22437441130117	0.0386644610696626	0.0503438764467466	-0.7378445291060913	-0.0651363839455214	0.0042427485134983	0.5444145491317897	0.0074308565052511	-0.0051322395558197	5.521762840163259e-05	2.63398828583204e-05	0.0045347570051796	0.0004436982945811	1.9686817661426527e-07	2.0564021096025454e-05	-0.0142796146058914	0.0123639052731734	0.0002039073932927	0.000152866153604	0.0	0.0	0.0	0.0	0.0	0.0	0.0	0.0	0.0	0.0	0.0	0.0	0.0	0.0	0.0	0.0	0.0	0.0	0.0	0.0	0.0	0.0	0.0	0.0	0.0	0.0	0.0	0.0	0.0	0.0	0.0	0.0	0.0	1.0	0.0	0.0	0.0	0.0	0.0	0.0	0.0	0.0	0.0	0.0	0.0
5265.567149869632	-33.610261368777174	1129.6496692775152	27726197.4097862	3316.4993185682474	14.675409583743203	10999167.730063649	215.36764645062183	3434.6383038616214	-15.313538746712766	234.5044689470732	11796740.278353436	3397.814034197976	7488.557011733995	0.8201119999999998	64.709946	0.9182322144697688	0.5900735080749407	0.0948376039	0.0194994915	-0.0844375745	-0.1145369564	-0.089562306	-0.0675771625	0.0328951767	-0.0756027673	0.0192533118	0.0134732916	0.0042689616	0.0580522975	0.0166417941	0.0778074774	-0.0761449278	-0.0464343304	0.0627047995	-0.0745431295	-0.0426738413	-0.0555795163	0.0257144136	0.0946619692	-0.1300190807	0.0810227421	-0.0426781596	-0.1464985532	0.0753598031	-0.0107848867	-0.04575021	0.0915432802	0.0631410462	0.0172595152	0.1441723857	-0.0149421878	-0.0097540605	0.0446722329	0.0528579439	-0.0356511549	0.0054857074	-0.1895168374	-0.174908155	-0.1152671746	0.0941902898	0.1197425137	0.0023498101	0.0576111205	0.1300868898128442	0.2030343629092071	0.0412229525219476	0.016922598901179	0.2583788883981981	0.0617460806837613	0.0667596499698885	0.0038125784798055	-0.7224486573671811	0.0153958717389102	0.0002370328666009	0.5219320625316427	0.009211000362889	0.0017801438576379	8.48425276851413e-05	3.168912153885945e-06	0.0022533664142305	-0.0022813905909491	5.204743028471085e-06	5.07766019678202e-06	-0.0055800310717206	0.0086995835341708	3.113674676136735e-05	7.568275366801573e-05	0.0	0.0	0.0	0.0	0.0	0.0	0.0	0.0	0.0	0.0	0.0	0.0	0.0	0.0	0.0	0.0	0.0	0.0	0.0	0.0	0.0	0.0	0.0	0.0	0.0	0.0	0.0	0.0	0.0	0.0	0.0	0.0	0.0	0.0	1.0	0.0	0.0	0.0	0.0	0.0	0.0	0.0	0.0	0.0	0.0
5294.356301704166	28.789151834534096	828.8152633518579	28030208.649394616	3327.468580100027	10.969261531779466	11072047.15155289	120.3246985525768	3443.171546054529	8.533242192907437	72.81622232281573	11855430.295559537	3403.8971216947857	7448.685692661013	0.803932	63.433292	0.5095020340518271	0.2522175334484204	0.0773475497	-0.0181055013	0.0161707259	-0.1203986226	-0.0424046594	-0.0540176168	-0.0889599983	-0.072364727	0.1800905553	0.0148763919	0.0637558997	0.043679004	0.0696749718	0.0876336994	-0.1587093395	-0.0556835032	0.0451268677	-0.0890351144	-0.0944275274	-0.1601537908	0.0428274199	-0.0247724977	-0.1170006191	0.1355132544	-0.0956812715	-0.1698001267	-0.0290285334	-0.0276439509	-0.0485318896	0.0211840062	0.0514543719	0.0345907595	0.0510005595	-0.0621832787	-0.0541302368	0.1206156766	-0.0007959672	0.0575402956	0.0739306845	-0.0535572367	-0.1162350938	-0.0733093708	-0.0014482934	0.1278476083	0.0021281132	-0.0652365762	0.1792663603910114	0.0491794705781672	0.0024186203263488	0.0321364279678399	0.2873325411074461	0.0289536527092479	0.0825599891792622	0.0008383140052077	-0.815578226936978	-0.0931295695697969	0.0086731167282556	0.6651678442536648	0.0082801533822494	-0.0009308469806395	6.856094003357619e-05	8.664761013658596e-07	0.006299970936435	0.0040466045222045	1.6375008159125914e-05	3.9689633799925695e-05	-0.0037926957506724	0.0017873353210481	1.438454105716848e-05	3.194567549866472e-06	0.0	0.0	0.0	0.0	0.0	0.0	0.0	0.0	0.0	0.0	0.0	0.0	0.0	0.0	0.0	0.0	0.0	0.0	0.0	0.0	0.0	0.0	0.0	0.0	0.0	0.0	0.0	0.0	0.0	0.0	0.0	0.0	0.0	0.0	0.0	1.0	0.0	0.0	0.0	0.0	0.0	0.0	0.0	0.0	0.0
5237.866229337319	-56.490072366847016	3191.128276011613	27435242.636432342	3355.1577807907065	27.689200690679627	11257083.734000418	766.6918348887331	3414.77443916149	-28.397106893038654	806.3956798946634	11660684.47035067	3381.4836309933053	7436.122296915575	1.298185	102.431686	1.2878026378509744	0.815689003585643	0.0717106342	-0.0223290323	-0.1170161041	-0.0998202946	-0.0864750838	-0.0197997	0.2975358182	-0.0168560301	-0.1196066606	0.1617011949	-0.0293406322	0.0379315887	-0.1198928148	-0.0013013464	-0.0336826557	-0.0866881038	0.0443550252	0.0058092381	0.1226694763	0.0172403182	-0.0046277479	0.3345842871	-0.0561869631	-0.0746257698	-0.1705056458	0.0500684332	0.1952619464	-0.0178330214	0.0195357034	0.2292916406	0.137838931	-0.0600998324	0.2847701248	0.0075079002	0.0314481148	0.1379942845	-0.0588994277	0.0986303306	-0.0158201009	-0.0364979721	-0.1843648353	-0.1125301515	0.2534914277	-0.0698805135	0.1079076653	-0.0813123111	0.251057525232369	0.0717911648413576	0.0051539713492789	0.0630298809758016	0.2219970303399208	-0.0653355107675253	0.0492826814797437	0.0042687289672534	-0.1888195887874815	0.6267586381494965	0.3928263904950115	0.0356528371098736	0.0009470512212445	-0.0073331021610049	8.969060156606989e-07	5.377438730373474e-05	0.0070768891609374	0.0007769182245023	6.036019275639615e-07	5.008236019619326e-05	-0.0014243696543278	0.0023683260963446	2.0288289121698964e-06	5.6089684986268525e-06	0.0	0.0	0.0	0.0	0.0	0.0	0.0	0.0	0.0	0.0	0.0	0.0	0.0	0.0	0.0	0.0	0.0	0.0	0.0	0.0	0.0	0.0	0.0	0.0	0.0	0.0	0.0	0.0	0.0	0.0	0.0	0.0	0.0	0.0	0.0	0.0	1.0	0.0	0.0	0.0	0.0	0.0	0.0	0.0	0.0
4970.933501949594	-266.9327273877252	71253.08095064963	24710179.88080485	3146.7559520952937	-208.4018286954129	9902073.022047158	43431.32220359221	3404.893914634956	-9.880524526533918	97.6247649194383	11593302.569918156	3364.3070331939807	4911.751745185182	2.545106	200.818497	3.3532860586058493	2.2876376614965084	-0.4018310355	0.1968043213	0.2667454313	-0.3215918484	0.0279085301	0.6659516822	0.1475653337	-0.1026011016	0.2694975181	0.2054943895	0.2809931983	-0.0279301141	-0.1747868608	-0.7087312873	-0.5483148857	0.202959239	-0.0296206107	0.5661534826	0.3397491523	-0.5979710606	-0.1876411998	-0.196566686	0.1170866852	-0.2459545523	-0.3342295508	-0.0613460509	-0.3045012813	0.2693185935	-0.2315802685	0.0634990105	-0.3043212286	0.2119796888	0.1655883957	-0.3543258123	-0.1053295748	-0.1727271753	-0.174702238	0.0490181776	0.1533090601	-0.0837223788	0.2393688876	-0.183783417	0.0277377373	-0.1351334128	-0.1195726293	-0.0752660817	0.4066603604319141	0.1556028351995451	0.0242122423221367	0.1653726487466143	0.2069340660892891	-0.0150629642506316	0.0428217077082462	0.0002268928920158	0.604061832129176	0.7928814209166575	0.6286609476348177	0.3648906970352568	-0.0363642718081003	-0.0373113230293448	0.0013223602641333	0.0013921348262001	0.0114275172366569	0.0043506280757195	1.8927964653238765e-05	0.000130588150194	0.0047084560053882	0.006132825659716	2.216955795467621e-05	3.761155057247099e-05	0.0	0.0	0.0	0.0	0.0	0.0	0.0	0.0	0.0	0.0	0.0	0.0	0.0	0.0	0.0	0.0	0.0	0.0	0.0	0.0	0.0	0.0	0.0	0.0	0.0	0.0	0.0	0.0	0.0	0.0	0.0	0.0	0.0	0.0	0.0	0.0	0.0	1.0	0.0	0.0	0.0	0.0	0.0	0.0	0.0
5222.0782691711465	251.14476722155268	63073.69410276789	27270101.44934952	3461.7533109156625	314.99735882036885	11983735.98563555	99223.3360638082	3469.266764413039	64.37284977808258	4143.863788551586	12035811.882660916	3443.819101688661	5320.952969888975	2.029743	160.154343	1.3270787855279018	1.070934990262728	-0.3293091536	-0.0525773186	-0.0987663682	-0.1327802624	0.1356491306	-0.0580523221	0.3123542259	-0.4060812514	0.3331200096	0.1377359475	0.0115085422	-0.0605906461	0.103737137	-0.278841664	0.010609062	-0.3929643043	-0.0713248488	0.3291328602	-0.0899156192	-0.0750017524	0.3603311226	0.2572838399	0.1769617507	-0.2135132161	-0.2686250225	-0.1355165706	-0.0219908073	0.0006642282	-0.1091387681	-0.0985872538	-0.1354374419	-0.0210681991	-0.0724468446	0.5125539602	-0.0924790273	0.0134968511	0.0451859277	0.0302337114	0.023943216	-0.0175924529	-0.0402942563	0.0794549919	0.0297143466	0.0944408478	0.0790029643	-0.0110716209	0.4998219627586877	0.0931616023267735	0.0086790841480919	0.2498219944559469	0.1649754582432905	-0.0419586078459986	0.0272169018225836	0.0017605247723742	0.6252910538302956	0.0212292217011196	0.0004506798540352	0.3909889020002016	-0.054075701754223	-0.0177114299461227	0.0029241815202116	0.0003136947507364	0.016533083833246	0.0051055665965891	2.6066810272206404e-05	0.0002733428610371	0.0053060465357566	0.0005975905303683	2.815412983961461e-05	3.571144419859852e-07	0.0	0.0	0.0	0.0	0.0	0.0	0.0	0.0	0.0	0.0	0.0	0.0	0.0	0.0	0.0	0.0	0.0	0.0	0.0	0.0	0.0	0.0	0.0	0.0	0.0	0.0	0.0	0.0	0.0	0.0	0.0	0.0	0.0	0.0	0.0	0.0	0.0	0.0	1.0	0.0	0.0	0.0	0.0	0.0	0.0
5310.334582701536	88.25631353038989	7789.176877974482	28199653.3802359	3352.442507884118	-109.31080303154432	11238870.768668355	11948.851659401076	3489.646398038079	20.37963362504024	415.3294666908709	12177631.98334014	3445.558594695349	5713.453817197727	1.150075	90.745232	1.0277341297020672	0.6588871422512805	-0.266080327	-0.0893100581	-0.1935067853	-0.0980088901	0.1149444577	-0.0447695191	-0.0116584013	-0.1970146038	0.0932702549	0.0248050417	-0.2127343929	-0.0436505717	0.3357193991	-0.2511837732	0.0712979498	-0.2449675196	-0.0531128683	0.3143551962	-0.2882350379	0.0081466816	0.2066463953	-0.0027285608	0.1673966122	-0.1744249452	-0.2627718957	-0.1473044433	0.0425460527	-0.0297058069	-0.1032524521	-0.1395963394	-0.10982775	-0.0921840241	-0.121633715	0.4732334879	-0.0101058057	0.0304024496	0.0331398851	0.0114045044	0.09456001	-0.1176443953	-0.0097203523	0.0392954041	0.0108540134	0.0522667709	0.001479883	0.0197526395	0.4838813081947819	-0.0159406545639057	0.0002541044679257	0.2341411204202935	0.2631733464677239	0.0981978882244334	0.0692602102910206	0.0096428252517383	0.0818897144910124	-0.5434013393392831	0.2952850155957267	0.0067059253394195	-0.0490742411116992	0.0050014606425237	0.0024082811406891	2.5014608558714555e-05	0.0149118934082888	-0.0016211904249572	2.6282583939729106e-06	0.0002223645650201	0.0060872804197645	0.0007812338840079	3.705498290884826e-05	6.103263815220689e-07	0.0	0.0	0.0	0.0	0.0	0.0	0.0	0.0	0.0	0.0	0.0	0.0	0.0	0.0	0.0	0.0	0.0	0.0	0.0	0.0	0.0	0.0	0.0	0.0	0.0	0.0	0.0	0.0	0.0	0.0	0.0	0.0	0.0	0.0	0.0	0.0	0.0	0.0	0.0	1.0	0.0	0.0	0.0	0.0	0.0
5008.588882730167	-301.7456999713695	91050.46745121176	25085962.596208222	3149.2146399908142	-203.22786789330397	9917552.848732471	41301.5662884582	3366.8954612194016	-122.75093681867747	15067.79248986295	11335985.046779808	3331.781351771096	5997.050592390726	2.136051	168.542511	2.47223254784212	2.126212780261861	-0.2145872799	0.1755466507	0.1934791828	-0.1826260947	-0.0297452273	0.3329813267	-0.1952382135	0.0944585258	-0.0534406278	-0.0994467235	0.3115982396	-0.0400985365	-0.5316453362	0.0458802315	0.0151678779	-0.389665418	-0.0375489151	-0.1388012541	0.4771592373	-0.0135620237	0.4112332633	0.163804384	0.0773286659	-0.1224240499	-0.2554790254	0.0508356819	-0.1809674421	0.064476971	0.0289964448	0.1032734764	-0.123237158	0.0503312723	-0.0420804859	-0.2367792706	0.2373860431	0.2474151313	0.1109732597	-0.0969417375	-0.4034889811	0.1667434611	-0.1781315348	0.0762673488	-0.3132889683	0.3981405403	0.2479080684	0.1366377304	0.4360038725799029	-0.047877435614879	0.0022922488410568	0.1900993769046722	0.3386439197562652	0.0754705732885412	0.1146797043878877	0.005695807432501	-0.366484040635882	-0.4483737551268944	0.2010390242865923	0.1343105520408028	-0.0132257894747289	0.0358484516369703	0.0001749215072298	0.0012851114847681	0.0137383946225186	-0.0011734987857701	1.3770994002041318e-06	0.000188743486804	0.0070755456732601	0.0009882652534956	5.006334657438973e-05	9.76668211266724e-07	0.0	0.0	0.0	0.0	0.0	0.0	0.0	0.0	0.0	0.0	0.0	0.0	0.0	0.0	0.0	0.0	0.0	0.0	0.0	0.0	0.0	0.0	0.0	0.0	0.0	0.0	0.0	0.0	0.0	0.0	0.0	0.0	0.0	0.0	0.0	0.0	0.0	0.0	0.0	0.0	1.0	0.0	0.0	0.0	0.0
5341.084730186165	332.49584745599805	110553.48857548232	28527186.09502782	3444.0738217094645	294.85918171865023	11861644.489384435	86941.937043792	3443.427686024522	76.53222480512022	5857.181433621459	11857194.228880191	3408.733314129575	7868.891078176816	2.196621	173.321671	1.575204595209255	1.419822810618899	0.134504391	-0.0034836375	-0.0740387372	-0.0148187553	-0.0352206647	-0.2387462663	0.0077277047	-0.1297598992	-0.2141272681	0.0603405321	0.291206362	-0.004549711	0.0067432401	0.1298127637	-0.036358302	-0.1207890024	0.0009042897	-0.1149984774	-0.0391975402	0.0112256916	0.148166029	0.1348428392	-0.0548761317	-0.0007774428	-0.1655741108	0.0909407471	0.1132175063	-0.1164546566	-0.0831336807	0.2188102088	0.0057953445	-0.3903296741	0.0249650686	-0.0006242855	0.1337728289	0.1043291605	0.1186960546	-0.143300477	0.0288681197	0.1254863554	0.0653331082	0.1359393425	-0.0154271961	-0.1822171895	-0.2126016066	0.0085344503	0.3838307212192831	-0.0521731513606198	0.0027220377228981	0.147326022551715	0.5849454279935742	0.246301508237309	0.3421611537305857	0.0606644329599731	-0.4284007820377482	-0.0619167414018661	0.0038336828658255	0.1835272300505542	0.0109475091364008	0.0241732986111296	0.0001198479562915	0.0005843483657428	0.0137288614263539	-9.533196164699873e-06	9.088182911464836e-11	0.000188481636064	0.0071889777501549	0.0001134320768947	5.168140109222221e-05	1.2866836068667746e-08	0.0	0.0	0.0	0.0	0.0	0.0	0.0	0.0	0.0	0.0	0.0	0.0	0.0	0.0	0.0	0.0	0.0	0.0	0.0	0.0	0.0	0.0	0.0	0.0	0.0	0.0	0.0	0.0	0.0	0.0	0.0	0.0	0.0	0.0	0.0	0.0	0.0	0.0	0.0	0.0	0.0	1.0	0.0	0.0	0.0
5250.458221446358	-90.62650873980692	8213.1640863663	27567311.535153653	3267.58934997317	-176.48447173629438	10677140.160058085	31146.76876403889	3463.364943506094	19.937257481572036	397.4942358865	11994896.73190697	3416.1567744623267	6975.26082382061	1.407377	111.047325	1.2935198728142314	0.7653693235122465	-0.0364345872	-0.0851993791	-0.0002579386	-0.1112732123	-0.0146156901	0.1943201387	0.0157973089	-0.1633859916	-0.2234474091	0.0697838921	0.0941021459	-0.0240249286	0.131258936	-0.0905550059	-0.1292026958	0.010259592	-0.0202747803	0.137424903	-0.0773228291	-0.1208034369	-0.1070860346	0.175869836	0.0129449145	-0.1024920261	-0.230696836	0.1501455526	0.1334650703	0.0052744241	-0.0121049778	0.2131706659	-0.0107988646	-0.2204623097	0.1133920058	-0.0407842984	0.1550803694	-0.0070982992	0.0046829869	-0.125956378	-0.1269138377	0.0838232872	0.0148513361	0.0302091843	-0.0275156035	-0.3146345841	-0.0672126371	-0.0876039737	0.29215961037373	-0.091671110845553	0.0084035925636576	0.0853572379337297	0.3502520174095451	-0.2346934105840291	0.1226764756994562	0.0550809969715636	-0.0341064453114938	0.3942943367262543	0.1554680239743968	0.0011632496117859	0.0019642657743119	-0.0089832433620888	3.858340032133128e-06	8.069866130251426e-05	0.0155705438996598	0.0018416824733059	3.3917943324821384e-06	0.0002424418373312	0.007821272207928	0.0006322944577731	6.117229895050693e-05	3.997962813305786e-07	0.0	0.0	0.0	0.0	0.0	0.0	0.0	0.0	0.0	0.0	0.0	0.0	0.0	0.0	0.0	0.0	0.0	0.0	0.0	0.0	0.0	0.0	0.0	0.0	0.0	0.0	0.0	0.0	0.0	0.0	0.0	0.0	0.0	0.0	0.0	0.0	0.0	0.0	0.0	0.0	0.0	0.0	1.0	0.0	0.0
5325.080792427583	74.62257098122518	5568.52809984799	28356485.445881177	3383.0661600560816	115.47681008291148	11445136.6433166	13334.893666924803	3447.543074733527	-15.821868772566631	250.3315314563191	11885553.252143102	3416.902942052662	7550.99970890878	1.367242	107.880547	2.979180041394153	1.3716359384658847	0.0794267891	0.1567083167	0.0196139601	-0.09695094	-0.1029581419	-0.1282417316	0.2147409094	0.148658502	0.1918574495	-0.0250421323	-0.0939387209	0.0349057527	-0.0304198717	0.0515936058	-0.0487936346	-0.2124493837	0.0429400593	-0.0227793633	0.0046378157	-0.030974007	0.0565760919	0.31979592	-0.1304967733	-0.0289577057	0.0256972631	-0.0380526253	-0.0432092311	-0.0993029019	-0.1111919158	0.1159500393	-0.0216946881	-0.1325256093	0.092591486	0.0250554949	0.2545724971	-0.2699593027	0.2003986843	-0.2457972786	0.0733424688	-0.0521007333	0.0294304707	-0.2123217725	0.1236296906	-0.0534509326	-0.0620238508	0.3065604323	-0.1731825749647413	-0.4653421853384712	0.2165433494555841	0.0299922042714182	0.1957660246319932	-0.1544859927775519	0.0383243364002141	0.0238659219644658	-0.6307998041389737	-0.59669335882748	0.3560429644688198	0.3979083929017676	0.0128697130154099	0.010905447241098	0.000165629513099	0.0001189287795283	0.0084073848139827	-0.0071631590856771	5.131084808671841e-05	7.068411941038691e-05	-0.0093632915543099	-0.0171845637622378	8.76712287310111e-05	0.0002953092316984	0.0	0.0	0.0	0.0	0.0	0.0	0.0	0.0	0.0	0.0	0.0	0.0	0.0	0.0	0.0	0.0	0.0	0.0	0.0	0.0	0.0	0.0	0.0	0.0	0.0	0.0	0.0	0.0	0.0	0.0	0.0	0.0	0.0	0.0	0.0	0.0	0.0	0.0	0.0	0.0	0.0	0.0	0.0	1.0	0.0
5370.409799861269	45.32900743368555	2054.7189149231194	28841301.418445952	3357.020965334608	-26.045194721473763	11269589.761696102	678.3521680794847	3471.4144555222465	23.871380788719307	569.8428207600372	12050718.322008817	3431.1065608685	7907.301060547771	1.170573	92.362617	0.7867823392483043	0.3580902861118604	0.1488280617	0.0468092148	-0.0252136961	-0.0306884187	-0.0693582029	-0.0703107432	-0.0283483238	0.0101589537	0.2065510266	0.004142168	-0.0032332495	0.0891074862	0.1919481349	0.085339245	-0.0910499274	-0.0600896316	0.0878183909	-0.043129221	-0.2086625148	-0.1040118298	0.0204393026	-0.024245471	-0.1504082691	0.1159049887	0.0367083282	-0.1912061098	-0.0274929839	0.0436288049	-0.0297939928	-0.038957414	-0.1031604692	-0.0183328742	-0.0860646252	0.0118670739	0.1382970662	-0.1182401688	0.0468973416	-0.0315870395	-0.0410796505	0.1012462214	-0.020069445	-0.1210381093	-0.0470041452	0.0482267261	-0.0180248484	-0.0040236199	-0.0671380139385462	0.1060445610261951	0.0112454489232384	0.0045075129156124	0.3591965524620519	0.1634305278300587	0.1290221633006236	0.0267095374268115	-0.9410862673591892	-0.3102864632202154	0.0962776892577101	0.8856433626120513	0.0094853514712362	-0.0033843615441737	8.997189253288276e-05	1.145390306168179e-05	0.0088054126424408	0.0003980278284581	1.5842615222707165e-07	7.753529180365628e-05	-0.0097213179251148	-0.0003580263708048	9.45040222011583e-05	1.2818288219172765e-07	0.0	0.0	0.0	0.0	0.0	0.0	0.0	0.0	0.0	0.0	0.0	0.0	0.0	0.0	0.0	0.0	0.0	0.0	0.0	0.0	0.0	0.0	0.0	0.0	0.0	0.0	0.0	0.0	0.0	0.0	0.0	0.0	0.0	0.0	0.0	0.0	0.0	0.0	0.0	0.0	0.0	0.0	0.0	0.0	1.0
